15/5/2019,england,Murder accused 'unaffected' by death," Beds, Herts & Bucks"
15/5/2019,england,Mum and toddler 'gone from face of Earth', Sheffield & South Yorkshire
15/5/2019,england,Farmer saves fox cubs with Caesarean, Sussex
15/5/2019,england,Public transport abuse 'all too common', Manchester
15/5/2019,england,Fiancee 'tried to save' lottery winner, Humberside
15/5/2019,england,Man loses Wolves badge copyright claim, Birmingham & Black Country
15/5/2019,england,Woman denies asking JLS star for sex, Birmingham & Black Country
15/5/2019,england,Hockey mask man pointed AK-47 at boys, Devon
15/5/2019,england,"Taser use was 'unreasonable', judge finds", Manchester
15/5/2019,england,Disabled wife 'lacks capacity to consent', London
15/5/2019,england,Woman found dead in warehouse blaze, London
15/5/2019,england,No verdict in balcony fall murder trial, Essex
15/5/2019,england,Mayor opens Joe Lycett's kitchen, Suffolk
15/5/2019,england,Nearly 40% of gun owners are convicts, London
15/5/2019,england,Car driven into home and flips," Beds, Herts & Bucks"
15/5/2019,england,Uni staff to strike for five days, Cumbria
15/5/2019,england,Police officer run over by car thief, Sussex
15/5/2019,england,'I was racially abused on a pitch before 13', Hampshire & Isle of Wight
15/5/2019,england,Pupil takes GCSEs using eye movement, Derby
15/5/2019,england,Horse meditation 'changed my life', Somerset
15/5/2019,england,'I can't believe my son's gone', Bristol
15/5/2019,england,'I learnt that acne doesn't define you', Family & Education
15/5/2019,england,Dog's face reconstructed after crash, England
15/5/2019,england,Beheaded Theresa May sculpture 'sick', Entertainment & Arts
15/5/2019,england,One of a kind, Nottingham
15/5/2019,england,Hidden poverty, Devon
15/5/2019,england,England's Big Picture, Football
15/5/2019,england,Hanging with £3.6m art, Cricket
15/5/2019,england,An addict's story, Football
15/5/2019,england,Ten Tors pictures, Sport
15/5/2019,england,Derby stun Leeds to reach play-off final, Suffolk
15/5/2019,england,Morgan banned for slow over-rate, London
15/5/2019,england,'Battered' fans song draws criticism," Beds, Herts & Bucks"
15/5/2019,england,Meditation key to best season - Daley, Cumbria
15/5/2019,england,Police officer run over by car thief, Sussex
15/5/2019,england,'I was racially abused on a pitch before 13', Hampshire & Isle of Wight
15/5/2019,northern_ireland,Veterans' protections 'should cover NI', Northern Ireland
15/5/2019,northern_ireland,Rifles 'may have been in paramilitary hands', Northern Ireland
15/5/2019,northern_ireland,In pictures: Crowds flock to Balmoral Show, Northern Ireland
15/5/2019,northern_ireland,Light aircraft crash in County Tyrone, Northern Ireland
15/5/2019,northern_ireland,Dog attack child 'needed 80 stitches', Northern Ireland
15/5/2019,northern_ireland,£1bn 'needed to eradicate waiting lists', Northern Ireland
15/5/2019,northern_ireland,Shop worker grabbed by throat in robbery, Northern Ireland
15/5/2019,northern_ireland,Murder accused 'disappeared for weeks', Northern Ireland
15/5/2019,northern_ireland,Ferrari worth millions stolen on test drive, Europe
15/5/2019,northern_ireland,Queen's plan to remove 'antisocial alcoves', Northern Ireland
15/5/2019,northern_ireland,Abuse survivors used as 'blackmail tool', Northern Ireland
15/5/2019,northern_ireland,Seven NI farm accident deaths in 2018, Northern Ireland
15/5/2019,northern_ireland,Illegal republican parade charges dropped, Northern Ireland
15/5/2019,northern_ireland,Police appeal after spate of burglaries, Northern Ireland
15/5/2019,northern_ireland,Firefighter dies in Moneymore crash, Home
15/5/2019,northern_ireland,Pair in court in McKee investigation, Northern Ireland
15/5/2019,northern_ireland,Training to be tug-of-war champions, Northern Ireland
15/5/2019,northern_ireland,Rescue dog saves lives; who protects his?, UK Politics
15/5/2019,northern_ireland,'Retail performed particularly badly', Northern Ireland
15/5/2019,northern_ireland,"When I say 'vulva', people cringe", Europe
15/5/2019,northern_ireland,'There was such a bond between us', Northern Ireland
15/5/2019,northern_ireland,'No deal Brexit means Irish customs checks', Europe
15/5/2019,northern_ireland,Wednesday's papers: Child mauled and social media abuse tragedy, Northern Ireland
15/5/2019,northern_ireland,Spire of Dublin firm designs new bridge, Northern Ireland
15/5/2019,northern_ireland,UK 'wrong' on NI identity case - Irish PM, Northern Ireland
15/5/2019,northern_ireland,Redress fund approved for crumbling houses, Northern Ireland
15/5/2019,northern_ireland,Balmoral Show 2019: All you need to know, Europe
15/5/2019,northern_ireland,Northern Ireland forecast - your 24-hour lookahead, Northern Ireland
15/5/2019,northern_ireland,'I live for tug-of-war', Northern Ireland
15/5/2019,northern_ireland,"Max, the rescue dog who saves lives", Northern Ireland
15/5/2019,northern_ireland,Love and hate after two economic rescues, Northern Ireland
15/5/2019,northern_ireland,North West 200 roars to its 90th year, Sport
15/5/2019,northern_ireland,Veterinary staff shortages threaten call-outs, Rugby Union
15/5/2019,northern_ireland,New plans to develop Bangor seafront, Motorbikes
15/5/2019,northern_ireland,NI unemployment rate hits historic low, Football
15/5/2019,northern_ireland,Bangladesh ease to Dublin victory over Irish, Northern Ireland
15/5/2019,northern_ireland,Stockdale and Ludik poised for Ulster return, Northern Ireland
15/5/2019,northern_ireland,Fernandez racing against her 'superheroes', Home
15/5/2019,northern_ireland,Linfield Ladies beat Reds to maintain perfect start, Northern Ireland
15/5/2019,northern_ireland,Training to be tug-of-war champions, Northern Ireland
15/5/2019,northern_ireland,Rescue dog saves lives; who protects his?, UK Politics
15/5/2019,scotland,Detective says cars 'central' to Emma case, Glasgow & West Scotland
15/5/2019,scotland,Co-accused acquitted of Annalise murder, Tayside and Central Scotland
15/5/2019,scotland,Scotland sees warmest day of the year so far, Highlands & Islands
15/5/2019,scotland,Guests criticise Jeremy Kyle Show aftercare," Edinburgh, Fife & East Scotland"
15/5/2019,scotland,"'Move on' from referendums, says Davidson", Scotland politics
15/5/2019,scotland,No trace of Margaret Fleming DNA on clothes, Glasgow & West Scotland
15/5/2019,scotland,Man who tried to meet teen avoids jail, Glasgow & West Scotland
15/5/2019,scotland,Troubled ferries 'may' be ready next year, Scotland politics
15/5/2019,scotland,Corsie leads World Cup squad, Football
15/5/2019,scotland,Change UK candidate quits to back Lib Dems, Scotland politics
15/5/2019,scotland,Bluebells at risk from social media fans, Scotland
15/5/2019,scotland,Huge wildfire burning since Sunday, Highlands & Islands
15/5/2019,scotland,The 83-year-old football manager, Scotland
15/5/2019,scotland,Last turbine installed one of world's largest offshore wind farms, Scotland
15/5/2019,scotland,Labelling a child criminal 'impacts life', Scotland
15/5/2019,scotland,Fire rips through former school in Aberdeen, Scotland
15/5/2019,scotland,'One free bet sparked my gambling addiction', Scotland politics
15/5/2019,scotland,Marines take on chemical attack training, Scotland
15/5/2019,scotland,Alesha mum's 'fury' and Kyle faces axe, Scotland
15/5/2019,scotland,Custody cell toilets 'potential biohazard', Glasgow & West Scotland
15/5/2019,scotland,Cities battle to win first 'net-zero' crown, Scotland
15/5/2019,scotland,The long game, Scotland
15/5/2019,scotland,Jocky Wilson, Sport
15/5/2019,scotland,Dark secrets, Highlands & Islands
15/5/2019,scotland,Preying on dreams, Glasgow & West Scotland
15/5/2019,scotland,Your pictures, Scotland
15/5/2019,scotland,A strange death, Highlands & Islands
15/5/2019,scotland,Scotland to choose boss within 48 hours, Football
15/5/2019,scotland,'No doubt I'm going to be champion', Boxing
15/5/2019,scotland,Meet Kerr's Scotland World Cup squad, Football
15/5/2019,scotland,McInnes staying despite Scotland talk, Football
15/5/2019,scotland,The 83-year-old football manager, Scotland
15/5/2019,scotland,Last turbine installed one of world's largest offshore wind farms, Scotland
15/5/2019,scotland,Labelling a child criminal 'impacts life', Scotland
15/5/2019,scotland,Fire rips through former school in Aberdeen, Scotland
15/5/2019,scotland,'One free bet sparked my gambling addiction', Scotland politics
15/5/2019,scotland,Marines take on chemical attack training, Scotland
15/5/2019,wales,Assembly members join forces with Farage, Wales politics
15/5/2019,wales,Man jailed over mum insult sword killing, Wales
15/5/2019,wales,PM says crossbow death case 'worrying', Wales politics
15/5/2019,wales,'Mystery' of first Eisteddfod chair, Wales
15/5/2019,wales,Man admits to sharing 'virgins song', Wales
15/5/2019,wales,Baby's death 'could have been avoided', Wales
15/5/2019,wales,Welsh Tory MP Glyn Davies stepping down, Wales politics
15/5/2019,wales,Welsh language 'big drain' on council, Wales
15/5/2019,wales,Eleven arrests after town disorder, Wales
15/5/2019,wales,Wales Comic Con event moves to England, Wales
15/5/2019,wales,Funding boost for Oxford student hopefuls, Wales
15/5/2019,wales,"Man, 80, arrested on suspicion of murder", Wales
15/5/2019,wales,Extreme pregnancy sickness 'broke me', Wales
15/5/2019,wales,Ex-homeless firefighter 'defying stereotypes', Wales
15/5/2019,wales,'I can't eat more than 6g of protein a day', Wales
15/5/2019,wales,'It just appeared out of nowhere on fire', Wales
15/5/2019,wales,The answer to homelessness in Wales?, Wales
15/5/2019,wales,"'I saw myself as a weight, not as Oscar'", Wales
15/5/2019,wales,Mayor starts term with marriage proposal, Wales
15/5/2019,wales,California kingsnake found under sink, Wales
15/5/2019,wales,Catching a killer, Wales
15/5/2019,wales,Remembering Mari Griffith , Wales
15/5/2019,wales,Two tablespoons of beans, Wales
15/5/2019,wales,Panic disorder, Wales
15/5/2019,wales,'Plan needed', Wales
15/5/2019,wales,Eating disorder warning, Wales
15/5/2019,wales,Swansea fighting to keep boss Potter, Football
15/5/2019,wales,Wales prop Smith stays at Ospreys, Rugby Union
15/5/2019,wales,From merger plans to European rivals, Rugby Union
15/5/2019,wales,Warnock to remain Cardiff manager, Football
15/5/2019,wales,Marwolaeth Ceredigion: Cyhoeddi enw dynes, Canolbarth
15/5/2019,wales,Glyn Davies i ymddeol fel aelod seneddol, Gwleidyddiaeth
15/5/2019,wales,Adran Gwleidyddiaeth Aberystwyth yn dathlu'r 100, Cylchgrawn
15/5/2019,wales,Extreme pregnancy sickness 'broke me', Wales
15/5/2019,wales,Ex-homeless firefighter 'defying stereotypes', Wales
15/5/2019,wales,'I can't eat more than 6g of protein a day', Wales
15/5/2019,wales,'It just appeared out of nowhere on fire', Wales
15/5/2019,wales,The answer to homelessness in Wales?, Wales
15/5/2019,wales,"'I saw myself as a weight, not as Oscar'", Wales
15/5/2019,politics,MPs 'have duty to support Brexit bill', UK Politics
15/5/2019,politics,Pollwatch: European elections, Business
15/5/2019,politics,Watch all the Euro election campaigns kick off, UK Politics
15/5/2019,politics,European elections: What you need to know, UK Politics
15/5/2019,politics,A guide to the UK's European elections, Technology
15/5/2019,politics,National Grid attacks Labour's energy plan, UK Politics
15/5/2019,politics,The PM has set herself a huge test, Scotland politics
15/5/2019,politics,Government rejects Islamophobia definition, Scotland politics
15/5/2019,politics,Instagram chiefs asked about suicide poll, Wales politics
15/5/2019,politics,'Unfair' military prosecutions to be barred, UK Politics
15/5/2019,politics,"'Move on' from referendums, says Davidson", Northampton
15/5/2019,politics,Change UK candidate quits to back Lib Dems, UK Politics
15/5/2019,politics,Assembly members join forces with Farage, UK Politics
15/5/2019,politics,Remain parties 'shouldn't be squabbling', UK Politics
15/5/2019,politics,Unitary authorities plan approved, UK Politics
15/5/2019,politics,Allen calls Farage 'a coward' over TV debate, UK Politics
15/5/2019,politics,#BBCAskThis: Ian Blackford, UK Politics
15/5/2019,politics,Loudspeaker stops MP mid-question at PMQs, UK Politics
15/5/2019,politics,Loan charge 'left me with a sense of dread', UK Politics
15/5/2019,politics,Tory MP tells May to resign before elections, UK Politics
15/5/2019,politics,Corbyn on food bank for low-paid staff, UK Politics
15/5/2019,politics,Backroom agreement to sell out Scotland?, UK Politics
15/5/2019,politics,The politics of a kitchen photo-op, World
15/5/2019,politics,Brexit: What happens next?, UK Politics
15/5/2019,politics,Embattled buses - ups and downs of an election staple, UK
15/5/2019,politics,Who could replace Theresa May?, EU Referendum
15/5/2019,politics,Pornhub and other ways to win votes, UK
15/5/2019,politics,Runners and riders: Tory leadership steeplechase, UK Politics
15/5/2019,politics,Brexit jargon explained, UK Politics
15/5/2019,politics,EU referendum: The result in maps and charts, UK Politics
15/5/2019,politics,Brexit Basics: The customs union, UK Politics
15/5/2019,politics,#BBCAskThis: Ian Blackford, UK Politics
15/5/2019,politics,Loudspeaker stops MP mid-question at PMQs, UK Politics
15/5/2019,politics/uk_leaves_the_eu,What happens next?, UK Politics
15/5/2019,politics/uk_leaves_the_eu,All you need to know about Brexit, UK Politics
15/5/2019,politics/uk_leaves_the_eu,Brexit and holidays: What do I need to know?, UK
15/5/2019,politics/uk_leaves_the_eu,Brexit timeline told through culture, UK Politics
15/5/2019,politics/uk_leaves_the_eu,Brexit Basics: The backstop, UK Politics
15/5/2019,politics/uk_leaves_the_eu,New Brexit deadline set for 31 October, UK Politics
15/5/2019,politics/uk_leaves_the_eu,The withdrawal agreement - what it means, UK Politics
15/5/2019,politics/uk_leaves_the_eu,Labour agrees a Brexit referendum position, UK Politics
15/5/2019,politics/uk_leaves_the_eu,UK to ask EU for citizens' rights assurance, UK Politics
15/5/2019,politics/uk_leaves_the_eu,Labour to redraft Euro election leaflets, UK Politics
15/5/2019,politics/uk_leaves_the_eu,Labour 'must back second Brexit vote', UK Politics
15/5/2019,politics/uk_leaves_the_eu,Nigel Farage launches Brexit Party, UK
15/5/2019,politics/uk_leaves_the_eu,UK seeks new Brexit delay until 30 June, UK Politics
15/5/2019,politics/uk_leaves_the_eu,MPs reject May's EU withdrawal agreement, UK Politics
15/5/2019,politics/uk_leaves_the_eu,No majority for any of Brexit options, UK Politics
15/5/2019,politics/uk_leaves_the_eu,UK couple issued different passport versions, UK Politics
15/5/2019,politics/uk_leaves_the_eu,Brexit pushed back by at least two weeks, UK Politics
15/5/2019,politics/uk_leaves_the_eu,"Million joined Brexit protest, organisers say", UK Politics
15/5/2019,politics/uk_leaves_the_eu,Stop Brexit petition tops 5.7m signatures, UK Politics
15/5/2019,politics/uk_leaves_the_eu,Ministers 'divided' on Brexit votes process, UK Politics
15/5/2019,politics/uk_leaves_the_eu,No Brexit deal vote 'without DUP support', UK Politics
15/5/2019,politics/uk_leaves_the_eu,Passing Brexit deal needs 'a lot more work', UK Politics
15/5/2019,politics/uk_leaves_the_eu,Does the UK need to hold European elections?, UK
15/5/2019,politics/uk_leaves_the_eu,How could another Brexit referendum work?, Business
15/5/2019,politics/uk_leaves_the_eu,DUP says issues remain over Brexit deal, Health
15/5/2019,politics/uk_leaves_the_eu,Reality Check: What's in the Brexit political declaration?, UK
15/5/2019,politics/uk_leaves_the_eu,Lib Dems 'on mission back to power', Business
15/5/2019,politics/uk_leaves_the_eu,Travelodge targets parents for Brexit gap, EU Referendum
15/5/2019,politics/uk_leaves_the_eu,Brexit: Will Britons in the EU still get healthcare?, UK Politics
15/5/2019,politics/uk_leaves_the_eu,What trade deals has the UK done so far?, UK Politics
15/5/2019,politics/uk_leaves_the_eu,Brexit: Could the UK drop tariffs to zero?, UK Politics
15/5/2019,politics/uk_leaves_the_eu,EU referendum: The result in maps and charts, UK Politics
15/5/2019,politics/uk_leaves_the_eu,Brexit: Lamy signals his feelings, UK Politics
15/5/2019,politics/uk_leaves_the_eu,Campbell warns Labour over Brexit vote, UK Politics
15/5/2019,politics/uk_leaves_the_eu,Can the Tories and Labour agree on Brexit?, UK Politics
15/5/2019,politics/uk_leaves_the_eu,Brexitcast: WhatsApp in Control!, UK Politics
15/5/2019,politics/uk_leaves_the_eu,'Appalling to consider another referendum', UK Politics
15/5/2019,politics/uk_leaves_the_eu,May: I will try to agree plan with Corbyn, UK Politics
15/5/2019,politics/uk_leaves_the_eu,Theresa May is 'splitting the country', UK Politics
15/5/2019,politics/uk_leaves_the_eu,MPs reject all Brexit options again, UK Politics
15/5/2019,politics/uk_leaves_the_eu,Boles resigns Conservative whip, UK Politics
15/5/2019,politics/uk_leaves_the_eu,'Take whatever measures necessary to stop no-deal', UK
15/5/2019,politics/uk_leaves_the_eu,Drax apologises for voting for PM's Brexit deal, UK
15/5/2019,politics/uk_leaves_the_eu,Brexit: What are the options now?, Europe
15/5/2019,politics/uk_leaves_the_eu,ASMR whispering the Brexit deal, Business
15/5/2019,politics/uk_leaves_the_eu,Jargon busting the Brexit votes, UK Politics
15/5/2019,politics/uk_leaves_the_eu,"Sack the plotters, says Tory Brexiteer", UK Politics
15/5/2019,politics/uk_leaves_the_eu,People's Vote march to Westminster - sped-up, UK
15/5/2019,politics/uk_leaves_the_eu,'Biggest story since the Berlin wall fell', UK Politics
15/5/2019,politics/uk_leaves_the_eu,Training Britons to replace migrants, UK Politics
15/5/2019,politics/uk_leaves_the_eu,Is the UK in a crisis?, UK Politics
15/5/2019,politics/uk_leaves_the_eu,MPs narrowly rule out no-deal Brexit, UK Politics
15/5/2019,politics/uk_leaves_the_eu,‘Brexit will make Nato more important’, UK Politics
15/5/2019,politics/uk_leaves_the_eu,How MPs rejected a no-deal Brexit, UK
15/5/2019,politics/uk_leaves_the_eu,Will MPs back or bin May's Brexit?, UK Politics
15/5/2019,politics/uk_leaves_the_eu,Choose 'improved deal' or 'political crisis', UK Politics
15/5/2019,politics/uk_leaves_the_eu,Brexit amendment: Changes or compromise?, UK Politics
15/5/2019,politics/uk_leaves_the_eu,Corbyn: This is a government in chaos, UK Politics
15/5/2019,politics/uk_leaves_the_eu,"Brexit: Cheese, chops and hops", UK Politics
15/5/2019,politics/uk_leaves_the_eu,Sleaford Mods: Brexit word 'makes me shiver', UK Politics
15/5/2019,politics/uk_leaves_the_eu,Why did Corbyn talk Brexit with Tory MPs?, UK Politics
15/5/2019,politics/uk_leaves_the_eu,Brine: 'Clean break' with EU 'utter nonsense', UK Politics
15/5/2019,politics/uk_leaves_the_eu,PM asked to delay Brexit for a birthday present, UK Politics
15/5/2019,politics/uk_leaves_the_eu,Fox: 'So be it' if Brexit delay is needed, Business
15/5/2019,politics/uk_leaves_the_eu,PM 'struggling to see Brexit upside', UK
15/5/2019,politics/uk_leaves_the_eu,Brexit: The view from 5 Live listeners, UK Politics
15/5/2019,politics/uk_leaves_the_eu,The podcast all about Brexit, UK Politics
15/5/2019,politics/uk_leaves_the_eu,Trick or treat? Halloween deadline is both, UK Politics
15/5/2019,politics/uk_leaves_the_eu,PM 'unlikely' to hold another Queen's speech, UK
15/5/2019,politics/uk_leaves_the_eu,Sir Rocco Forte: 'No point delaying', UK
15/5/2019,politics/uk_leaves_the_eu,"Article 50, backstop etc: Brexit jargon explained", Northern Ireland
15/5/2019,politics/uk_leaves_the_eu,Brexit: What's the plan for no deal?, UK Politics
15/5/2019,politics/uk_leaves_the_eu,Can the UK revoke Article 50?, UK Politics
15/5/2019,politics/uk_leaves_the_eu,Six key maps, UK Politics
15/5/2019,politics/uk_leaves_the_eu,Nuts and bolts of Brexit - your questions answered, UK Politics
15/5/2019,politics/uk_leaves_the_eu,What is Common Market 2.0?, UK Politics
15/5/2019,politics/uk_leaves_the_eu,Reality Check: What is the Norway model?, UK Politics
15/5/2019,politics/uk_leaves_the_eu,Brexit Basics: The customs union, UK Politics
15/5/2019,politics/uk_leaves_the_eu,What happens if there's a no-deal Brexit?, UK Politics
15/5/2019,politics/uk_leaves_the_eu,Brexit: Lamy signals his feelings, UK Politics
15/5/2019,politics/uk_leaves_the_eu,Campbell warns Labour over Brexit vote, UK Politics
15/5/2019,politics/uk_leaves_the_eu,Can the Tories and Labour agree on Brexit?, UK Politics
15/5/2019,politics/uk_leaves_the_eu,Brexitcast: WhatsApp in Control!, UK Politics
15/5/2019,politics/uk_leaves_the_eu,'Appalling to consider another referendum', UK Politics
15/5/2019,politics/uk_leaves_the_eu,May: I will try to agree plan with Corbyn, UK
15/5/2019,politics/uk_leaves_the_eu,Theresa May is 'splitting the country', UK
15/5/2019,politics/uk_leaves_the_eu,MPs reject all Brexit options again, Europe
15/5/2019,politics/uk_leaves_the_eu,Boles resigns Conservative whip, Business
15/5/2019,politics/uk_leaves_the_eu,'Take whatever measures necessary to stop no-deal', UK Politics
15/5/2019,politics/uk_leaves_the_eu,Drax apologises for voting for PM's Brexit deal, UK Politics
15/5/2019,politics/uk_leaves_the_eu,Brexit: What are the options now?, UK
15/5/2019,politics/uk_leaves_the_eu,ASMR whispering the Brexit deal, UK Politics
15/5/2019,politics/uk_leaves_the_eu,Jargon busting the Brexit votes, UK Politics
15/5/2019,politics/uk_leaves_the_eu,"Sack the plotters, says Tory Brexiteer", UK Politics
15/5/2019,politics/uk_leaves_the_eu,People's Vote march to Westminster - sped-up, UK Politics
15/5/2019,politics/uk_leaves_the_eu,'Biggest story since the Berlin wall fell', UK Politics
15/5/2019,politics/uk_leaves_the_eu,Training Britons to replace migrants, UK
15/5/2019,politics/uk_leaves_the_eu,Is the UK in a crisis?, UK Politics
15/5/2019,politics/uk_leaves_the_eu,MPs narrowly rule out no-deal Brexit, UK Politics
15/5/2019,politics/uk_leaves_the_eu,‘Brexit will make Nato more important’, UK Politics
15/5/2019,politics/uk_leaves_the_eu,How MPs rejected a no-deal Brexit, UK Politics
15/5/2019,politics/uk_leaves_the_eu,Will MPs back or bin May's Brexit?, UK Politics
15/5/2019,politics/uk_leaves_the_eu,Choose 'improved deal' or 'political crisis', UK Politics
15/5/2019,politics/uk_leaves_the_eu,Brexit amendment: Changes or compromise?, UK Politics
15/5/2019,technology,Trump declares emergency over IT threats, US & Canada
15/5/2019,technology,US snubs effort to tackle online extremism, Technology
15/5/2019,technology,Instagram chiefs asked about suicide poll, Technology
15/5/2019,technology,WhatsApp hack: Is any app truly secure?, Technology
15/5/2019,technology,DJI action camera poses threat to GoPro, Technology
15/5/2019,technology,Intel 'zombie' bug will slow computers, Technology
15/5/2019,technology,Hackers interrupt Israel Eurovision webcast, Technology
15/5/2019,technology,Facebook Live curbed after NZ attack, Technology
15/5/2019,technology,San Francisco bans facial recognition in US first, Technology
15/5/2019,technology,WhatsApp discovers surveillance attack, Technology
15/5/2019,technology,Wikipedia blocked in China in all languages, Technology
15/5/2019,technology,UK tech users to get end-of-contract alerts, Technology
15/5/2019,technology,A robot that can copy your handwriting, Technology
15/5/2019,technology,Post-apocalyptic Days Gone reviewed, Business
15/5/2019,technology,Cut-price Google Pixel gets AR maps, Technology
15/5/2019,technology,Hands-on with the Samsung Galaxy Fold, Technology
15/5/2019,technology,Could facial recognition cut crime?, Entertainment & Arts
15/5/2019,technology,Why you should meet the BATs, World
15/5/2019,technology,A dress with 3D-printed petals, Entertainment & Arts
15/5/2019,technology,Cell-based seafood company secures funding, Science & Environment
15/5/2019,technology,Slim Cinema: A vertical film festival, World
15/5/2019,technology,Should you buy an electric car?, Business
15/5/2019,technology,Gomez: Social media 'terrible for young', Business
15/5/2019,technology,Wind-mapping space laser is losing power, Newsbeat
15/5/2019,technology,What to do if you see an Instagram post about suicide, Technology
15/5/2019,technology,The house that robots built, Technology
15/5/2019,technology,'My smart meter is driving me mad', Technology
15/5/2019,technology,Conjuring designs from thin air in a virtual world, Technology
15/5/2019,technology,Five new things about online campaigning, Business
15/5/2019,technology,Everything you ever wanted to know about Pokémon, Technology
15/5/2019,technology,Dumbo: How we made the visual effects, Technology
15/5/2019,technology,Astrobees help astronauts in Space Station, Entertainment & Arts
15/5/2019,technology,Axiom soccer takes a shot at goal, World
16/5/2019,england,Cinema seat death victim 'had lost phone', Birmingham & Black Country
16/5/2019,england,LGBT lessons protests spreading, England
16/5/2019,england,Real Housewives' free meal bid an 'insult', Liverpool
16/5/2019,england,Bishop suspended in child safety inquiry, Lincolnshire
16/5/2019,england,Assault schoolboy sues Tommy Robinson, Leeds & West Yorkshire
16/5/2019,england,Allergy death takeaway boss wins appeal, Lancashire
16/5/2019,england,Wedding guests died in head-on road crash," Beds, Herts & Bucks"
16/5/2019,england,'Prowler' admits Becker burglary bid, London
16/5/2019,england,Extinction Rebellion trio deny charges, London
16/5/2019,england,"Council seizes 1,300 'wrong rubbish' bins", Leeds & West Yorkshire
16/5/2019,england,Racist graffiti man 'had Brexit on mind', Manchester
16/5/2019,england,Deer runs loose in city centre streets, Manchester
16/5/2019,england,Packham defies threats to get CBE, London
16/5/2019,england,Diners given Â£4.5k wine by mistake, Cornwall
16/5/2019,england,Homes plagued by fly infestation, Bristol
16/5/2019,england,Bus set alight in 'arson attack', Hereford & Worcester
16/5/2019,england,'My lip was about to fall off', Oxford
16/5/2019,england,Baby civet being hand-reared by zoo, Bristol
16/5/2019,england,Caterpillars weave a webbed spectacle, Norfolk
16/5/2019,england,'A new heart would mean the world to me', Leicester
16/5/2019,england,Singing 'makes him feel more alive', England
16/5/2019,england,'Happiness doesn't come from your weight', UK
16/5/2019,england,Air ambulance 'is not a Cambodian bar', Oxford
16/5/2019,england,WI in cake bake 'ban' over safety fears, Tees
16/5/2019,england,'Not a joke vote', England
16/5/2019,england,'Extraordinary mystique', In Pictures
16/5/2019,england,Pregnant at Oxford, Football
16/5/2019,england,Tell us your stories, Football
16/5/2019,england,England's Big Picture, Cricket
16/5/2019,england,Picture perfect?, Rugby Union
16/5/2019,england,"Kane in England squad, Loftus-Cheek out", London
16/5/2019,england,Man City referred to Uefa financial body, Cornwall
16/5/2019,england,'England capable of scoring 500', Bristol
16/5/2019,england,Vunipola sidelined by 'significant' hamstring injury, Hereford & Worcester
16/5/2019,england,'My lip was about to fall off', Oxford
16/5/2019,england,Baby civet being hand-reared by zoo, Bristol
16/5/2019,northern_ireland,'No confidence' in abuse investigation, Northern Ireland
16/5/2019,northern_ireland,Parents' plea for more baby organ donors, Northern Ireland
16/5/2019,northern_ireland,New funding for school sports coaching, Northern Ireland
16/5/2019,northern_ireland,Inquest hears further ballistics evidence, Northern Ireland
16/5/2019,northern_ireland,Principals warn over 'suffering' pupils, Northern Ireland
16/5/2019,northern_ireland,Independents hope to make mark in EU poll, Northern Ireland
16/5/2019,northern_ireland,'Brexit must include the backstop' - Fox, Northern Ireland
16/5/2019,northern_ireland,Balmoral Show day two in full swing, Northern Ireland
16/5/2019,northern_ireland,Bradley calls for abuse redress answers, Northern Ireland
16/5/2019,northern_ireland,Damage led to landing without nose gear, Highlands & Islands
16/5/2019,northern_ireland,PSNI 'not complacent' on cash machine thefts, Northern Ireland
16/5/2019,northern_ireland,Drive to tackle rise of superbugs, Northern Ireland
16/5/2019,northern_ireland,Nursing home closed to new admissions, Northern Ireland
16/5/2019,northern_ireland,Church body set for historic meeting, Northern Ireland
16/5/2019,northern_ireland,Illegal republican parade charges dropped, Northern Ireland
16/5/2019,northern_ireland,Police appeal after spate of burglaries, Northern Ireland
16/5/2019,northern_ireland,Ollie's parents appeal for organ donations, Home
16/5/2019,northern_ireland,What makes a sheep a Balmoral Show champion?, Northern Ireland
16/5/2019,northern_ireland,Training to be tug-of-war champions, Northern Ireland
16/5/2019,northern_ireland,Rescue dog saves lives; who protects his?, Europe
16/5/2019,northern_ireland,'Retail performed particularly badly', Europe
16/5/2019,northern_ireland,"When I say 'vulva', people cringe", Northern Ireland
16/5/2019,northern_ireland,Thursday's papers: Spoonful of sugar and victims' bitter pill, Northern Ireland
16/5/2019,northern_ireland,GardaÃ­ held in corruption investigation, Northern Ireland
16/5/2019,northern_ireland,Spire of Dublin firm designs new bridge, Northern Ireland
16/5/2019,northern_ireland,UK 'wrong' on NI identity case - Irish PM, Northern Ireland
16/5/2019,northern_ireland,Balmoral Show 2019: All you need to know, Northern Ireland
16/5/2019,northern_ireland,Northern Ireland forecast - your 24-hour lookahead, Europe
16/5/2019,northern_ireland,In pictures: Crowds flock to Balmoral Show, Northern Ireland
16/5/2019,northern_ireland,'I live for tug-of-war', Northern Ireland
16/5/2019,northern_ireland,"Max, the rescue dog who saves lives", Northern Ireland
16/5/2019,northern_ireland,Love and hate after two economic rescues, Motorbikes
16/5/2019,northern_ireland,Veterinary staff shortages threaten call-outs, Football
16/5/2019,northern_ireland,New plans to develop Bangor seafront, Sport
16/5/2019,northern_ireland,NI unemployment rate hits historic low, Motorbikes
16/5/2019,northern_ireland,'The worst hour of my life - but I knew John would return to racing', Northern Ireland
16/5/2019,northern_ireland,Shiels replaces Wylie as NI women's boss, Northern Ireland
16/5/2019,northern_ireland,Ireland's Balbirnie reprimanded for 'dissent' after dismissal, Northern Ireland
16/5/2019,northern_ireland,Irwin snatches NW 200 Superbike pole, Northern Ireland
16/5/2019,northern_ireland,Ollie's parents appeal for organ donations, Home
16/5/2019,northern_ireland,What makes a sheep a Balmoral Show champion?, Northern Ireland
16/5/2019,scotland,Accused claimed missing woman was gangmaster, Glasgow & West Scotland
16/5/2019,scotland,Murder accused admits dismembering body, Glasgow & West Scotland
16/5/2019,scotland,Two charged over disabled girl images," NE Scotland, Orkney & Shetland"
16/5/2019,scotland,Are claims of SNP 'infighting' true?, Scotland politics
16/5/2019,scotland,Pilot warned of faulty helicopter fuel reading, Glasgow & West Scotland
16/5/2019,scotland,More staff suspensions at ASN school, Glasgow & West Scotland
16/5/2019,scotland,Tycoon 'touched' by sympathy after loss of family, Highlands & Islands
16/5/2019,scotland,Man blames former co-accused for murder, Tayside and Central Scotland
16/5/2019,scotland,Four men stabbed in street disturbance, Glasgow & West Scotland
16/5/2019,scotland,Irn-Bru maker to launch energy drink, Scotland business
16/5/2019,scotland,Council criticised for 'sitting on' millions," Edinburgh, Fife & East Scotland"
16/5/2019,scotland,Pensioner dies after incident with own car, Glasgow & West Scotland
16/5/2019,scotland,Study into extreme morning sickness, Scotland
16/5/2019,scotland,Sir Andy Murray receives knighthood, Scotland
16/5/2019,scotland,Drone footage of Hunterston Terminal, Scotland
16/5/2019,scotland,'I'm fundraising for Eilidh's legacy', Highlands & Islands
16/5/2019,scotland,The 83-year-old football manager, Scotland
16/5/2019,scotland,Last turbine installed one of world's largest offshore wind farms, Scotland
16/5/2019,scotland,Kyle 'devastated' and SNP 'backstabbing' row, Scotland
16/5/2019,scotland,Sir Andy Murray receives knighthood, Scotland
16/5/2019,scotland,Running in Manchester to remember Eilidh, Highlands & Islands
16/5/2019,scotland,The long game, Scotland
16/5/2019,scotland,Beef city, Sport
16/5/2019,scotland,Jocky Wilson, Highlands & Islands
16/5/2019,scotland,Dark secrets, Glasgow & West Scotland
16/5/2019,scotland,Preying on dreams, Scotland
16/5/2019,scotland,Your pictures, Football
16/5/2019,scotland,'No evidence' Lennon cannot keep job, Rugby Union
16/5/2019,scotland,The story of Glasgow's Pro14 semi-final, Football
16/5/2019,scotland,Clarke gets two-game ban for comments, Football
16/5/2019,scotland,Who makes your Premiership team of the season?, Scotland
16/5/2019,scotland,Study into extreme morning sickness, Scotland
16/5/2019,scotland,Sir Andy Murray receives knighthood, Scotland
16/5/2019,scotland,Drone footage of Hunterston Terminal, Highlands & Islands
16/5/2019,scotland,'I'm fundraising for Eilidh's legacy', Scotland
16/5/2019,scotland,The 83-year-old football manager, Scotland
16/5/2019,wales,"Dad's 'driver error' killed daughter, 4", Wales
16/5/2019,wales,Serious collision closes major road, Wales
16/5/2019,wales,Rubbish dumped on entire stretch of road, Wales
16/5/2019,wales,Man guilty of 'ferocious' hammer murder, Wales
16/5/2019,wales,Brexit Party AM calls Robinson courageous, Wales politics
16/5/2019,wales,Baby died due to 'systemic failures', Wales
16/5/2019,wales,Welsh footballer's watch up for auction, Wales
16/5/2019,wales,Police funding warning over smacking ban, Wales
16/5/2019,wales,Man sentenced for sharing 'virgins song', Wales
16/5/2019,wales,Talks to move rally from Wales in 2020, Wales
16/5/2019,wales,"End of road for PM on Brexit, says Crabb", Wales politics
16/5/2019,wales,Woman 'used young boy as sex toy', Wales
16/5/2019,wales,What will Brexit offer Merthyr?, Wales
16/5/2019,wales,Is Port Talbot better than Los Angeles?, Wales
16/5/2019,wales,Eve Myles: Welsh film sector 'vibrant', Wales
16/5/2019,wales,'Why I buy cannabis oil for my son', Wales
16/5/2019,wales,Extreme pregnancy sickness 'broke me', Wales
16/5/2019,wales,Ex-homeless firefighter 'defying stereotypes', Wales
16/5/2019,wales,Tenby beach sand 'disappearing', Wales
16/5/2019,wales,'Momentum' fear for film and TV sector, Wales
16/5/2019,wales,Buying cannabis oil, Wales
16/5/2019,wales,Catching a killer, Wales
16/5/2019,wales,Remembering Mari Griffith , Wales
16/5/2019,wales,Two tablespoons of beans, Wales
16/5/2019,wales,Panic disorder, Wales
16/5/2019,wales,'Plan needed', Wales
16/5/2019,wales,Josh Adams: The long road to stardom, Rugby Union
16/5/2019,wales,Swansea fighting to keep boss Potter, Football
16/5/2019,wales,Number eight Williams staying with Blues, Rugby Union
16/5/2019,wales,From merger plans to European rivals, Rugby Union
16/5/2019,wales,Euog o lofruddio partner gyda morthwyl, Gogledd-Ddwyrain
16/5/2019,wales,Marwolaeth merch yn 'drasiedi ofnadwy', De-Orllewin
16/5/2019,wales,Dathlu blwyddyn gyntaf babis Radio Cymru 2, Cylchgrawn
16/5/2019,wales,What will Brexit offer Merthyr?, Wales
16/5/2019,wales,Is Port Talbot better than Los Angeles?, Wales
16/5/2019,wales,Eve Myles: Welsh film sector 'vibrant', Wales
16/5/2019,wales,'Why I buy cannabis oil for my son', Wales
16/5/2019,wales,Extreme pregnancy sickness 'broke me', Wales
16/5/2019,wales,Ex-homeless firefighter 'defying stereotypes', Wales
16/5/2019,politics,May agrees to set timetable to choose new PM, UK Politics
16/5/2019,politics,Pollwatch: European elections, UK Politics
16/5/2019,politics,What the parties think about Brexit, UK
16/5/2019,politics,Simple guide to European elections, UK
16/5/2019,politics,'This is not a joke vote', Business
16/5/2019,politics,Johnson confirms bid for Tory leadership, Business
16/5/2019,politics,Offender supervision to be renationalised, UK Politics
16/5/2019,politics,UK to scrap passenger landing cards, Scotland politics
16/5/2019,politics,Labour unveils National Grid takeover plan, Technology
16/5/2019,politics,"HS2 needs major rethink, say peers", UK Politics
16/5/2019,politics,Government rejects Islamophobia definition, UK Politics
16/5/2019,politics,Committee backs Scots smacking ban bill, Scotland politics
16/5/2019,politics,Instagram chiefs asked about suicide poll, UK Politics
16/5/2019,politics,'Unfair' military prosecutions to be barred, UK Politics
16/5/2019,politics,MPs 'have duty to support Brexit bill', UK Politics
16/5/2019,politics,"'Move on' from referendums, says Davidson", UK Politics
16/5/2019,politics,#BBCAskThis: Sian Berry, UK Politics
16/5/2019,politics,What do voters think about EU elections?, UK Politics
16/5/2019,politics,UKIP 'rape comments' candidate on survivors' reaction, UK Politics
16/5/2019,politics,NI tour: MP describes being investigated, UK Politics
16/5/2019,politics,Why is UK taking part in European elections?, UK Politics
16/5/2019,politics,Should I buy a car or travel by bike?, UK Politics
16/5/2019,politics,Can social democracy be saved?, UK Politics
16/5/2019,politics,The politics of a kitchen photo-op, World
16/5/2019,politics,Brexit: What happens next?, UK
16/5/2019,politics,Embattled buses - ups and downs of an election staple, EU Referendum
16/5/2019,politics,Who could replace Theresa May?, UK
16/5/2019,politics,Pornhub and other ways to win votes, UK Politics
16/5/2019,politics,Brexit jargon explained, UK Politics
16/5/2019,politics,EU referendum: The result in maps and charts, UK Politics
16/5/2019,politics,Brexit Basics: The customs union, UK Politics
16/5/2019,politics,#BBCAskThis: Sian Berry, UK Politics
16/5/2019,politics,What do voters think about EU elections?, UK Politics
16/5/2019,politics/uk_leaves_the_eu,What happens next?, UK Politics
16/5/2019,politics/uk_leaves_the_eu,All you need to know about Brexit, UK Politics
16/5/2019,politics/uk_leaves_the_eu,Brexit and holidays: What do I need to know?, UK
16/5/2019,politics/uk_leaves_the_eu,Brexit timeline told through culture, UK Politics
16/5/2019,politics/uk_leaves_the_eu,Brexit Basics: The backstop, UK Politics
16/5/2019,politics/uk_leaves_the_eu,New Brexit deadline set for 31 October, UK Politics
16/5/2019,politics/uk_leaves_the_eu,The withdrawal agreement - what it means, UK Politics
16/5/2019,politics/uk_leaves_the_eu,Labour agrees a Brexit referendum position, UK Politics
16/5/2019,politics/uk_leaves_the_eu,UK to ask EU for citizens' rights assurance, UK Politics
16/5/2019,politics/uk_leaves_the_eu,Labour to redraft Euro election leaflets, UK Politics
16/5/2019,politics/uk_leaves_the_eu,Labour 'must back second Brexit vote', UK Politics
16/5/2019,politics/uk_leaves_the_eu,Nigel Farage launches Brexit Party, UK
16/5/2019,politics/uk_leaves_the_eu,UK seeks new Brexit delay until 30 June, UK Politics
16/5/2019,politics/uk_leaves_the_eu,MPs reject May's EU withdrawal agreement, UK Politics
16/5/2019,politics/uk_leaves_the_eu,No majority for any of Brexit options, UK Politics
16/5/2019,politics/uk_leaves_the_eu,UK couple issued different passport versions, UK Politics
16/5/2019,politics/uk_leaves_the_eu,Brexit pushed back by at least two weeks, UK Politics
16/5/2019,politics/uk_leaves_the_eu,"Million joined Brexit protest, organisers say", UK Politics
16/5/2019,politics/uk_leaves_the_eu,Stop Brexit petition tops 5.7m signatures, UK Politics
16/5/2019,politics/uk_leaves_the_eu,Ministers 'divided' on Brexit votes process, UK Politics
16/5/2019,politics/uk_leaves_the_eu,No Brexit deal vote 'without DUP support', UK Politics
16/5/2019,politics/uk_leaves_the_eu,Passing Brexit deal needs 'a lot more work', UK Politics
16/5/2019,politics/uk_leaves_the_eu,Does the UK need to hold European elections?, UK
16/5/2019,politics/uk_leaves_the_eu,How could another Brexit referendum work?, Business
16/5/2019,politics/uk_leaves_the_eu,DUP says issues remain over Brexit deal, Health
16/5/2019,politics/uk_leaves_the_eu,Reality Check: What's in the Brexit political declaration?, UK
16/5/2019,politics/uk_leaves_the_eu,Lib Dems 'on mission back to power', Business
16/5/2019,politics/uk_leaves_the_eu,Travelodge targets parents for Brexit gap, EU Referendum
16/5/2019,politics/uk_leaves_the_eu,Brexit: Will Britons in the EU still get healthcare?, UK Politics
16/5/2019,politics/uk_leaves_the_eu,What trade deals has the UK done so far?, UK Politics
16/5/2019,politics/uk_leaves_the_eu,Brexit: Could the UK drop tariffs to zero?, UK Politics
16/5/2019,politics/uk_leaves_the_eu,EU referendum: The result in maps and charts, UK Politics
16/5/2019,politics/uk_leaves_the_eu,Brexit: Lamy signals his feelings, UK Politics
16/5/2019,politics/uk_leaves_the_eu,Campbell warns Labour over Brexit vote, UK Politics
16/5/2019,politics/uk_leaves_the_eu,Can the Tories and Labour agree on Brexit?, UK Politics
16/5/2019,politics/uk_leaves_the_eu,Brexitcast: WhatsApp in Control!, UK Politics
16/5/2019,politics/uk_leaves_the_eu,'Appalling to consider another referendum', UK Politics
16/5/2019,politics/uk_leaves_the_eu,May: I will try to agree plan with Corbyn, UK Politics
16/5/2019,politics/uk_leaves_the_eu,Theresa May is 'splitting the country', UK Politics
16/5/2019,politics/uk_leaves_the_eu,MPs reject all Brexit options again, UK Politics
16/5/2019,politics/uk_leaves_the_eu,Boles resigns Conservative whip, UK Politics
16/5/2019,politics/uk_leaves_the_eu,'Take whatever measures necessary to stop no-deal', UK
16/5/2019,politics/uk_leaves_the_eu,Drax apologises for voting for PM's Brexit deal, UK
16/5/2019,politics/uk_leaves_the_eu,Brexit: What are the options now?, Europe
16/5/2019,politics/uk_leaves_the_eu,ASMR whispering the Brexit deal, Business
16/5/2019,politics/uk_leaves_the_eu,Jargon busting the Brexit votes, UK Politics
16/5/2019,politics/uk_leaves_the_eu,"Sack the plotters, says Tory Brexiteer", UK Politics
16/5/2019,politics/uk_leaves_the_eu,People's Vote march to Westminster - sped-up, UK
16/5/2019,politics/uk_leaves_the_eu,'Biggest story since the Berlin wall fell', UK Politics
16/5/2019,politics/uk_leaves_the_eu,Training Britons to replace migrants, UK Politics
16/5/2019,politics/uk_leaves_the_eu,Is the UK in a crisis?, UK Politics
16/5/2019,politics/uk_leaves_the_eu,MPs narrowly rule out no-deal Brexit, UK Politics
16/5/2019,politics/uk_leaves_the_eu,â€˜Brexit will make Nato more importantâ€™, UK Politics
16/5/2019,politics/uk_leaves_the_eu,How MPs rejected a no-deal Brexit, UK
16/5/2019,politics/uk_leaves_the_eu,Will MPs back or bin May's Brexit?, UK Politics
16/5/2019,politics/uk_leaves_the_eu,Choose 'improved deal' or 'political crisis', UK Politics
16/5/2019,politics/uk_leaves_the_eu,Brexit amendment: Changes or compromise?, UK Politics
16/5/2019,politics/uk_leaves_the_eu,Corbyn: This is a government in chaos, UK Politics
16/5/2019,politics/uk_leaves_the_eu,"Brexit: Cheese, chops and hops", UK Politics
16/5/2019,politics/uk_leaves_the_eu,Sleaford Mods: Brexit word 'makes me shiver', UK Politics
16/5/2019,politics/uk_leaves_the_eu,Why did Corbyn talk Brexit with Tory MPs?, UK Politics
16/5/2019,politics/uk_leaves_the_eu,Brine: 'Clean break' with EU 'utter nonsense', UK Politics
16/5/2019,politics/uk_leaves_the_eu,PM asked to delay Brexit for a birthday present, UK Politics
16/5/2019,politics/uk_leaves_the_eu,Fox: 'So be it' if Brexit delay is needed, Business
16/5/2019,politics/uk_leaves_the_eu,PM 'struggling to see Brexit upside', UK
16/5/2019,politics/uk_leaves_the_eu,Brexit: The view from 5 Live listeners, UK Politics
16/5/2019,politics/uk_leaves_the_eu,The podcast all about Brexit, UK Politics
16/5/2019,politics/uk_leaves_the_eu,Trick or treat? Halloween deadline is both, UK Politics
16/5/2019,politics/uk_leaves_the_eu,PM 'unlikely' to hold another Queen's speech, UK
16/5/2019,politics/uk_leaves_the_eu,Sir Rocco Forte: 'No point delaying', UK
16/5/2019,politics/uk_leaves_the_eu,"Article 50, backstop etc: Brexit jargon explained", Northern Ireland
16/5/2019,politics/uk_leaves_the_eu,Brexit: What's the plan for no deal?, UK Politics
16/5/2019,politics/uk_leaves_the_eu,Can the UK revoke Article 50?, UK Politics
16/5/2019,politics/uk_leaves_the_eu,Six key maps, UK Politics
16/5/2019,politics/uk_leaves_the_eu,Nuts and bolts of Brexit - your questions answered, UK Politics
16/5/2019,politics/uk_leaves_the_eu,What is Common Market 2.0?, UK Politics
16/5/2019,politics/uk_leaves_the_eu,Reality Check: What is the Norway model?, UK Politics
16/5/2019,politics/uk_leaves_the_eu,Brexit Basics: The customs union, UK Politics
16/5/2019,politics/uk_leaves_the_eu,What happens if there's a no-deal Brexit?, UK Politics
16/5/2019,politics/uk_leaves_the_eu,Brexit: Lamy signals his feelings, UK Politics
16/5/2019,politics/uk_leaves_the_eu,Campbell warns Labour over Brexit vote, UK Politics
16/5/2019,politics/uk_leaves_the_eu,Can the Tories and Labour agree on Brexit?, UK Politics
16/5/2019,politics/uk_leaves_the_eu,Brexitcast: WhatsApp in Control!, UK Politics
16/5/2019,politics/uk_leaves_the_eu,'Appalling to consider another referendum', UK Politics
16/5/2019,politics/uk_leaves_the_eu,May: I will try to agree plan with Corbyn, UK
16/5/2019,politics/uk_leaves_the_eu,Theresa May is 'splitting the country', UK
16/5/2019,politics/uk_leaves_the_eu,MPs reject all Brexit options again, Europe
16/5/2019,politics/uk_leaves_the_eu,Boles resigns Conservative whip, Business
16/5/2019,politics/uk_leaves_the_eu,'Take whatever measures necessary to stop no-deal', UK Politics
16/5/2019,politics/uk_leaves_the_eu,Drax apologises for voting for PM's Brexit deal, UK Politics
16/5/2019,politics/uk_leaves_the_eu,Brexit: What are the options now?, UK
16/5/2019,politics/uk_leaves_the_eu,ASMR whispering the Brexit deal, UK Politics
16/5/2019,politics/uk_leaves_the_eu,Jargon busting the Brexit votes, UK Politics
16/5/2019,politics/uk_leaves_the_eu,"Sack the plotters, says Tory Brexiteer", UK Politics
16/5/2019,politics/uk_leaves_the_eu,People's Vote march to Westminster - sped-up, UK Politics
16/5/2019,politics/uk_leaves_the_eu,'Biggest story since the Berlin wall fell', UK Politics
16/5/2019,politics/uk_leaves_the_eu,Training Britons to replace migrants, UK
16/5/2019,politics/uk_leaves_the_eu,Is the UK in a crisis?, UK Politics
16/5/2019,politics/uk_leaves_the_eu,MPs narrowly rule out no-deal Brexit, UK Politics
16/5/2019,politics/uk_leaves_the_eu,â€˜Brexit will make Nato more importantâ€™, UK Politics
16/5/2019,politics/uk_leaves_the_eu,How MPs rejected a no-deal Brexit, UK Politics
16/5/2019,politics/uk_leaves_the_eu,Will MPs back or bin May's Brexit?, UK Politics
16/5/2019,politics/uk_leaves_the_eu,Choose 'improved deal' or 'political crisis', UK Politics
16/5/2019,politics/uk_leaves_the_eu,Brexit amendment: Changes or compromise?, UK Politics
16/5/2019,technology,International cyber-crime gang busted, Technology
16/5/2019,technology,Trump declares emergency over IT threats, US & Canada
16/5/2019,technology,Global education X-Prize awards $10m, Technology
16/5/2019,technology,Russian bots rigged Voice Kids talent show result, Europe
16/5/2019,technology,Five seater self-flying air taxi unveiled, Business
16/5/2019,technology,Global virus fear prompts Windows update, Technology
16/5/2019,technology,Driverless lorry allowed on Swedish roads, Technology
16/5/2019,technology,Tesla to update software after car fires, Business
16/5/2019,technology,Instagram chiefs asked about suicide poll, Technology
16/5/2019,technology,US snubs effort to tackle online extremism, Technology
16/5/2019,technology,WhatsApp hack: Is any app truly secure?, Technology
16/5/2019,technology,DJI action camera poses threat to GoPro, Technology
16/5/2019,technology,A robot that can copy your handwriting, Technology
16/5/2019,technology,Post-apocalyptic Days Gone reviewed, Business
16/5/2019,technology,Cut-price Google Pixel gets AR maps, Technology
16/5/2019,technology,Hands-on with the Samsung Galaxy Fold, Technology
16/5/2019,technology,Could facial recognition cut crime?, Entertainment & Arts
16/5/2019,technology,Why you should meet the BATs, World
16/5/2019,technology,A dress with 3D-printed petals, Entertainment & Arts
16/5/2019,technology,Cell-based seafood company secures funding, Science & Environment
16/5/2019,technology,Slim Cinema: A vertical film festival, World
16/5/2019,technology,Should you buy an electric car?, Business
16/5/2019,technology,Gomez: Social media 'terrible for young', Business
16/5/2019,technology,Wind-mapping space laser is losing power, Newsbeat
16/5/2019,technology,What to do if you see an Instagram post about suicide, Technology
16/5/2019,technology,The house that robots built, Technology
16/5/2019,technology,'My smart meter is driving me mad', Technology
16/5/2019,technology,Conjuring designs from thin air in a virtual world, Technology
16/5/2019,technology,Five new things about online campaigning, Business
16/5/2019,technology,Everything you ever wanted to know about PokÃ©mon, Technology
16/5/2019,technology,Dumbo: How we made the visual effects, Technology
16/5/2019,technology,Astrobees help astronauts in Space Station, Entertainment & Arts
16/5/2019,technology,Axiom soccer takes a shot at goal, World
16/5/2019,business-38507481,The pistachios that need police protection, Business
16/5/2019,business-38507481,The US-China trade war in charts, Business
16/5/2019,business-38507481,Who loses out in the US-China trade war?, Europe
16/5/2019,business-38507481,What a 'no deal' Brexit means for Rotterdam, Business
16/5/2019,business-38507481,Trade row could hit cost of drinks in China, Business
16/5/2019,business-38507481,US-China trade war hurting other Asian nations, Economy
16/5/2019,business-38507481,Could this be the end of global trade?, China
16/5/2019,business-38507481,The 'danger' of a US-China trade war, Business
16/5/2019,business-38507481,WTO boss: Protectionism 'will hit global economy', Business
16/5/2019,business-38507481,How China hopes to redefine 'Made in China', Business
16/5/2019,business-38507481,BMW says a no-deal Brexit would push up the cost of its cars, UK Politics
16/5/2019,business-38507481,Hunt on 'completely inappropriate' Airbus, Business
16/5/2019,business-38507481,How British is a Mini?, Economy
16/5/2019,business-38507481,What are tariffs and how do they affect us?, Business
16/5/2019,business-38507481,'The economic crisis killed my father', Business
16/5/2019,business-38507481,Can tariffs really save an industry?, Business
16/5/2019,business-38507481,US farmers fear impact of Chinese tariffs, US & Canada
16/5/2019,business-38507481,Why China is targeting US hogs and Harleys, Business
16/5/2019,business-38507481,What harm could Trump's tariffs do?, US & Canada
16/5/2019,business-38507481,Does the US trade deficit matter?, Business
16/5/2019,business-38507481,US tariffs: What do we need to know?, US & Canada
16/5/2019,business-38507481,If Nafta trade deal was a hamburger..., Business
16/5/2019,business-38507481,Is Eritrea coming in from the cold?, Business
16/5/2019,business-38507481,Will a trade deal end US-China rivalry?, Business
16/5/2019,business-38507481,Meet the fish leather pioneers, Business
16/5/2019,business-38507481,The deadly disease wiping out pigs, Business
16/5/2019,business-38507481,The next US-China battleground, Business
16/5/2019,business-38507481,Will AI kill developing world growth?, Business
16/5/2019,business-38507481,Why India is one of world's most protectionist countries, Business
16/5/2019,business-38507481,Uruguay: The worldâ€™s marijuana pioneer, UK
16/5/2019,business-38507481,What does a soft Brexit mean?, US & Canada
16/5/2019,business-38507481,Trump retreats on threat to close border, Business
16/5/2019,business-38507481,'I had my misgivings about going abroad for surgery', Business
16/5/2019,business-38507481,China's struggle with the theft of ideas, Business
16/5/2019,business-38507481,Chinese imports 'driving fishermen to despair', Business
16/5/2019,business-38507481,Classic car industry fears Trump and Brexit roadblock, Business
16/5/2019,business-38507481,What are tariffs and how do they work?, Business
16/5/2019,business-38507481,New heights but no high, Business
16/5/2019,business-38507481,Most imports tariff-free under no-deal plan, Business
16/5/2019,business-38507481,Can Georgian wine win over global drinkers?, UK
16/5/2019,business-38507481,What trade deals has the UK done so far?, Business
16/5/2019,business-38507481,Olives pitting US against EU in global trade fight, Business
16/5/2019,business-38507481,The fashion models struggling with a life of debt, Business
16/5/2019,business-38507481,Mexican economic plan aims to cut US migration, Business
16/5/2019,business-38507481,China bets on lending to ease slowdown, Business
16/5/2019,business-38507481,How has business been affected by Brexit?, Business
16/5/2019,business-38507481,Firms 'may speed up no-deal Brexit plans', Business
16/5/2019,business-38507481,Will the US and China reach a trade deal?, Business
16/5/2019,business-38507481,Could women solve the global pilot shortage?, Business
16/5/2019,business-38507481,IMF warns trade tensions could hit growth, Business
16/5/2019,business-38507481,Why are the Chinese buying fewer cars?, Business
16/5/2019,business-38507481,How is Qatar coping with its economic embargo?, Business
16/5/2019,business-38507481,Clouds gathering over global economy, Business
16/5/2019,business-38507481,Trade war talks under way in Beijing, Business
16/5/2019,business-38507481,A whole new world for free trade?, Business
16/5/2019,business-38507481,The art of the deal: Negotiators' secrets revealed, Business
16/5/2019,business-38507481,'If the factory closes what could I afford to eat?', Business
16/5/2019,business-38507481,Will Opec defy Trump's call for low oil prices?, Business
16/5/2019,business-38507481,Confusion over US-China trade war truce, Business
16/5/2019,business-38507481,Why Switzerland worries about Brexit, Business
16/5/2019,business-38507481,Should we pay people for donating blood?, US & Canada
16/5/2019,business-38507481,Trump v the world: US tariffs in four charts, Business
16/5/2019,business-38507481,Are free ports the future?, Business
16/5/2019,business-38507481,Choppy waters for Greek shipping sector, Business
16/5/2019,business-38507481,Will global warming open up Arctic trade?, Business
16/5/2019,business-38507481,US-China trade war in 300 words, Business
16/5/2019,business-38507481,When's a van a van and when's it a car?, Business
16/5/2019,business-38507481,"Arms sales aren't UK's biggest export to Saudi, so what is?", Business
16/5/2019,business-38507481,The looming economic threats to Asia, Business
16/5/2019,business-38507481,The manufacturers fighting Trump's tariffs, Business
16/5/2019,business-38507481,Catalonia: What would an economic split mean?, Business
16/5/2019,business-38507481,Can Trump really cut the US trade deficit?, US & Canada
16/5/2019,business-38507481,Who gets what from 'new Nafta' deal?, Business
16/5/2019,business-38507481,US and Canada agree new trade deal, Business
16/5/2019,business-38507481,How China is fighting back in the trade war, Business
16/5/2019,business-38507481,What is a 'Canada-style' trade deal?, Business
16/5/2019,business-38507481,Trump hails South Korea trade deal, Business
16/5/2019,business-38507481,Trump's tariffs putting the squeeze on the Midwest, Business
16/5/2019,business-38507481,The UK's growing tech trade ties with Israel, Business
16/5/2019,business-38507481,China hits back at US with fresh tariffs, Business
16/5/2019,business-38507481,Are golden visas losing their sparkle?, US & Canada
16/5/2019,business-38507481,Trump threatens to pull US out of WTO, Business
16/5/2019,business-38507481,How do you market a country?, Business
16/5/2019,business-38507481,What are the tariffs on trade with Africa?, UK Politics
16/5/2019,business-38507481,PM seeks new jobs partnership with Africa, Business
16/5/2019,business-38507481,Trump hails 'really good' deal with Mexico, Business
16/5/2019,business-38507481,New US-China tariffs heat up trade war, Business
16/5/2019,business-38507481,'Our voices will drown amongst the giants', Business
16/5/2019,business-38507481,Trump says China is manipulating currency, Business
16/5/2019,business-38507481,Why your next flight may go via China, Business
16/5/2019,business-38507481,Turkish lira rallies after tariff rise, Business
16/5/2019,business-38507481,Is Turkey heading for an economic crisis?, Business
16/5/2019,business-38507481,'It was attempted homicide', Business
16/5/2019,business-38507481,Firms face legal risk over Iran sanctions, Business
16/5/2019,business-38507481,The precious metal sparking a new gold rush, Business
16/5/2019,business-38507481,The country built on trade barriers, Business
16/5/2019,business-38507481,Trump 'ready' to tax all Chinese imports, Business
16/5/2019,business-38507481,China 'shocked' by US trade actions, Business
16/5/2019,business-38507481,Aircraft sales to hit $6.3tn on China trade, Business
16/5/2019,business-38507481,Unlikely partners? , Business
16/5/2019,business-38507481,Tariff battle, Business
16/5/2019,business-38507481,Trading places, Business
16/5/2019,business-38507481,Playing Chequers, Business
16/5/2019,business-38507481,China and Russia hit back at US tariffs, Business
16/5/2019,business-38507481,Charting the US-China trade battle, Business
16/5/2019,business-38507481,How a US-China trade war could hurt us all, Business
16/5/2019,business-38507481,Global economy 'under threat', Business
16/5/2019,business-38507481,Jaguar boss: Brexit threatens investment, Business
16/5/2019,business-38507481,BAE wins huge Australian warship contract, Business
16/5/2019,business-38507481,Deal close over UK's biggest steel plant, Business
16/5/2019,business-38507481,Amazon deal shakes healthcare sector, Business
16/5/2019,business-38507481,US clears Fox-Disney merger with condition, Business
16/5/2019,business-38507481,Sports Direct pips Apple in global list, Business
16/5/2019,business-38507481,China eases some foreign investment rules, US & Canada
16/5/2019,business-38507481,Trump: Harleys should not be made abroad, Business
16/5/2019,business-38507481,Car investment slumps on 'Brexit worries', Business
16/5/2019,business-38507481,Mega mines, Business
16/5/2019,business-38507481,US-China trade row: What has happened so far?, Business
16/5/2019,business-38507481,EU to launch tariffs against US on Friday, Business
16/5/2019,business-38507481,Trump threatens more tariffs on China, Business
16/5/2019,business-38507481,China vows fast response to US tariffs, Business
16/5/2019,business-38507481,Move aside Trump, Business
16/5/2019,business-38507481,Bikes and bourbon, Business
16/5/2019,business-38507481,May tells Trump US tariffs unjustified, UK
16/5/2019,business-38507481,UK labels US metal tariffs 'absurd', Latin America & Caribbean
16/5/2019,business-38507481,Mexico levies tariffs on US products, Business
16/5/2019,business-38507481,Protectionist racket? , Business
16/5/2019,business-38507481,'Sense of betrayal', Business
16/5/2019,business-38507481,Is Trump losing the China trade war?, Business
16/5/2019,business-38507481,China worries, Business
16/5/2019,business-38507481,'It would be a disaster', Business
16/5/2019,business-38507481,Why history drives China's tough trade stance, Business
16/5/2019,business-38507481,War dividend, Business
16/5/2019,business-38507481,Iran sanctions threaten North Sea deal, Europe
16/5/2019,business-38507481,How many Brexit deals will there be?, US & Canada
16/5/2019,business-38507481,Where does Trump's 'America First' leave Canada?, Business
16/5/2019,business-38507481,Recession risk, Business
16/5/2019,business-38507481,China imposes hefty sorghum charge on US, Business
16/5/2019,business-38507481,Roadblock ahead?, Business
16/5/2019,business-38507481,China warns against 'Cold War' mindset, Business
16/5/2019,business-38507481,Who is losing out from Trump's tariffs?, Business
16/5/2019,business-38507481,What next for Trump trade?, Business
16/5/2019,business-38507481,US gets out the sanctions howitzer, Business
16/5/2019,business-38507481,Trump: Tariffs on $60bn in Chinese goods, Business
16/5/2019,business-38507481,'Little price impact' from axing EU tariffs, Business
16/5/2019,business-38507481,US retailers ask Trump to reconsider tariffs, Business
16/5/2019,business-38507481,UK to seek exemption from US steel tariffs, Business
16/5/2019,business-38507481,US juice and peanut butter face new EU tax, US & Canada
16/5/2019,business-38507481,Merkel: Tariffs risk a race to the bottom, UK Politics
16/5/2019,business-38507481,We don't want wall with UK - EU's Tusk, Business
16/5/2019,business-38507481,Pacific trade deal signed by 11 nations, US & Canada
16/5/2019,business-38507481,Key Trump economy adviser Cohn resigns, Business
16/5/2019,business-38507481,EU eyes tax on Levis amid US trade row, Business
16/5/2019,business-38507481,Airbus warns of Brexit parts supply risk, US & Canada
16/5/2019,business-38507481,"Trade wars are good, says Trump", Business
16/5/2019,business-38507481,US slaps tariffs on Chinese aluminium, UK Politics
16/5/2019,business-38507481,Corbyn backs customs union membership, Europe
16/5/2019,business-38507481,What a 'no deal' Brexit means for Rotterdam, Business
16/5/2019,business-38507481,Trade row could hit cost of drinks in China, Business
16/5/2019,business-38507481,US-China trade war hurting other Asian nations, Economy
16/5/2019,business-38507481,Could this be the end of global trade?, China
16/5/2019,business-38507481,The 'danger' of a US-China trade war, Business
16/5/2019,business-38507481,WTO boss: Protectionism 'will hit global economy', Business
16/5/2019,business-38507481,How China hopes to redefine 'Made in China', Business
16/5/2019,business-38507481,BMW says a no-deal Brexit would push up the cost of its cars, UK Politics
16/5/2019,business-38507481,Hunt on 'completely inappropriate' Airbus, Business
16/5/2019,business-38507481,How British is a Mini?, Economy
16/5/2019,business-38507481,What are tariffs and how do they affect us?, Business
16/5/2019,business-38507481,'The economic crisis killed my father', Business
16/5/2019,business-38507481,Can tariffs really save an industry?, Business
16/5/2019,business-38507481,US farmers fear impact of Chinese tariffs, US & Canada
16/5/2019,business-38507481,Why China is targeting US hogs and Harleys, Business
16/5/2019,business-38507481,What harm could Trump's tariffs do?, US & Canada
16/5/2019,business-38507481,Does the US trade deficit matter?, Business
16/5/2019,business-38507481,US tariffs: What do we need to know?, US & Canada
16/5/2019,business-45489065,â€˜Long-term security risksâ€™ from Huawei, Business
16/5/2019,business-45489065,Huawei sues US government over product ban, Technology
16/5/2019,business-45489065,Timeline: What's going on with Huawei?, US & Canada
16/5/2019,business-45489065,No politics behind Huawei arrest - Trudeau, Technology
16/5/2019,business-45489065,Why has the UK not blocked Huawei?, Business
16/5/2019,business-45489065,Should we worry about Huawei?, Business
16/5/2019,business-45489065,Could light bring us faster broadband?, Business
16/5/2019,business-45489065,Meet the hi-tech healthy cows, Business
16/5/2019,business-45489065,Nokia's lightning-quick 5G demo, Business
16/5/2019,business-45489065,The VR game showing how fast 5G could be, Business
16/5/2019,business-45489065,Window washing drone takes flight, Business
16/5/2019,business-45489065,Will superfast 5G mobile be worth it?, Business
16/5/2019,business-45489065,Thermal drone rescues woodland wanderers, Technology
16/5/2019,business-45489065,5G - the next mobile revolution, Technology
16/5/2019,business-45489065,What is 5G?, Business
16/5/2019,business-45489065,Why robots will build the cities of the future, Business
16/5/2019,business-45489065,5G: 'A cyber-attack could stop the country', Technology
16/5/2019,business-45489065,Six UK cities named as 5G pioneers, Business
16/5/2019,business-45489065,When can I buy a 5G phone and how much will it be?, Business
16/5/2019,business-45489065,How light could help superfast mobile reach inside, Business
16/5/2019,business-45489065,'We turn the lights off... and sit huddled in the corner', Business
16/5/2019,business-45489065,Will 5G be necessary for self-driving cars?, Business
16/5/2019,business-45489065,Hologram phone calls - sci-fi or serious possibility?, Business
16/5/2019,business-45489065,Who's winning the global race to offer superfast 5G?, Business
16/5/2019,business-45489065,What is 5G and what will it mean for you?, Technology
16/5/2019,business-45489065,Australia bans Huawei and ZTE 5G networks, Business
16/5/2019,business-45489065,Superfast 5G mobiles move a step closer, Business
16/5/2019,business-45489065,Drones to the rescue!, Business
16/5/2019,business-45489065,What will stop these self-driving lorries colliding?, Birmingham & Black Country
16/5/2019,business-45489065,5G trial to 'transform' public services, Business
16/5/2019,business-45489065,T-Mobile to buy Sprint in $26bn merger, Business
16/5/2019,business-45489065,Could light bring us faster broadband?, Business
16/5/2019,business-45489065,Meet the hi-tech healthy cows, Business
16/5/2019,business-45489065,Nokia's lightning-quick 5G demo, Business
16/5/2019,business-45489065,The VR game showing how fast 5G could be, Business
16/5/2019,business-45489065,Window washing drone takes flight, Business
16/5/2019,business-45489065,Will superfast 5G mobile be worth it?, Business
16/5/2019,business-45489065,Thermal drone rescues woodland wanderers, Technology
16/5/2019,business-45489065,5G - the next mobile revolution, Technology
