13/6/2019,world,Hong Kong extradition protests: Lam criticises 'organised riots'
13/6/2019,world,"New Ebola outbreak in DRC is 'truly frightening', says Wellcome Trust director"
13/6/2019,world,Mexico says sale of presidential plane will curb illegal migration
13/6/2019,world,"Trump: US to send 1,000 troops to Poland in new deal"
13/6/2019,world,Why African football boss Ahmad was called in by French investigators
13/6/2019,world,UK man donates frostbitten toe to Yukon bar
13/6/2019,world,Turkey to get Russian S-400 missile system 'in July' amid row over US jets
13/6/2019,world,Seventh victim of Cyprus serial killer found
13/6/2019,world,Mali village attack death toll revised down to 35
13/6/2019,world,Huawei cancels laptop launch because of US trade blacklist
13/6/2019,world,Catalan separatists defiant on final trial day in Madrid
13/6/2019,world,'You can't blame a team for celebrating a win'
13/6/2019,world,Viewpoint: What series on Central Park Five teaches us today
13/6/2019,world,When Pepsi was swapped for Soviet warships
13/6/2019,world,Background you need on the Hong Kong protests
13/6/2019,world,Eritrea's 'ice bucket' bid to oust Isaias Afwerki
13/6/2019,world,Crossing Divides: The Sri Lankan civil war enemies who fell in love
13/6/2019,world,Why 9/11 heroes are begging Congress for money
13/6/2019,world,Very Hungry Caterpillar still being devoured 50 years on
13/6/2019,world,Ivan Golunov's Russian release: Why this case matters
13/6/2019,world,Chernobyl survivors assess fact and fiction in TV series
13/6/2019,world,US man describes his journey from janitor to principal
13/6/2019,world,Maren Morris: Country music has a problem with sexuality
13/6/2019,world,The surprising benefits of talking to strangers
13/6/2019,world,What's killing Yosemite's trees?
13/6/2019,world,Baby elephant takes first wobbly steps
13/6/2019,world,63-year old dance instructor: 'Exercise saved my life'
13/6/2019,world,Tearful Jon Stewart rebukes Congress over 9/11 fund
13/6/2019,world,How the US-China trade war squeezes California's wine country
13/6/2019,world,The Nightingale: Film director defends controversial rape scenes
13/6/2019,world,Plant extinction 'bad news for all species'
13/6/2019,world,Sweethearts torn apart by WW2 reunite 75 years on
13/6/2019,world,Handmaid's fail: Kylie Jenner faces backlash for themed party
13/6/2019,world,Catch 22: How George Clooney was lured back to TV
13/6/2019,uk,Hong Kong extradition protests: Lam criticises 'organised riots'
13/6/2019,uk,"New Ebola outbreak in DRC is 'truly frightening', says Wellcome Trust director"
13/6/2019,uk,Mexico says sale of presidential plane will curb illegal migration
13/6/2019,uk,"Trump: US to send 1,000 troops to Poland in new deal"
13/6/2019,uk,Why African football boss Ahmad was called in by French investigators
13/6/2019,uk,UK man donates frostbitten toe to Yukon bar
13/6/2019,uk,Turkey to get Russian S-400 missile system 'in July' amid row over US jets
13/6/2019,uk,Seventh victim of Cyprus serial killer found
13/6/2019,uk,Mali village attack death toll revised down to 35
13/6/2019,uk,Huawei cancels laptop launch because of US trade blacklist
13/6/2019,uk,Catalan separatists defiant on final trial day in Madrid
13/6/2019,uk,'You can't blame a team for celebrating a win'
13/6/2019,uk,Viewpoint: What series on Central Park Five teaches us today
13/6/2019,uk,When Pepsi was swapped for Soviet warships
13/6/2019,uk,Background you need on the Hong Kong protests
13/6/2019,uk,Eritrea's 'ice bucket' bid to oust Isaias Afwerki
13/6/2019,uk,Crossing Divides: The Sri Lankan civil war enemies who fell in love
13/6/2019,uk,Why 9/11 heroes are begging Congress for money
13/6/2019,uk,Very Hungry Caterpillar still being devoured 50 years on
13/6/2019,uk,Ivan Golunov's Russian release: Why this case matters
13/6/2019,uk,Chernobyl survivors assess fact and fiction in TV series
13/6/2019,uk,US man describes his journey from janitor to principal
13/6/2019,uk,Maren Morris: Country music has a problem with sexuality
13/6/2019,uk,The surprising benefits of talking to strangers
13/6/2019,uk,What's killing Yosemite's trees?
13/6/2019,uk,Baby elephant takes first wobbly steps
13/6/2019,uk,63-year old dance instructor: 'Exercise saved my life'
13/6/2019,uk,Tearful Jon Stewart rebukes Congress over 9/11 fund
13/6/2019,uk,How the US-China trade war squeezes California's wine country
13/6/2019,uk,The Nightingale: Film director defends controversial rape scenes
13/6/2019,uk,Plant extinction 'bad news for all species'
13/6/2019,uk,Sweethearts torn apart by WW2 reunite 75 years on
13/6/2019,uk,Handmaid's fail: Kylie Jenner faces backlash for themed party
13/6/2019,uk,Catch 22: How George Clooney was lured back to TV
13/6/2019,business,Hong Kong extradition protests: Lam criticises 'organised riots'
13/6/2019,business,"New Ebola outbreak in DRC is 'truly frightening', says Wellcome Trust director"
13/6/2019,business,Mexico says sale of presidential plane will curb illegal migration
13/6/2019,business,"Trump: US to send 1,000 troops to Poland in new deal"
13/6/2019,business,Why African football boss Ahmad was called in by French investigators
13/6/2019,business,UK man donates frostbitten toe to Yukon bar
13/6/2019,business,Turkey to get Russian S-400 missile system 'in July' amid row over US jets
13/6/2019,business,Seventh victim of Cyprus serial killer found
13/6/2019,business,Mali village attack death toll revised down to 35
13/6/2019,business,Huawei cancels laptop launch because of US trade blacklist
13/6/2019,business,Catalan separatists defiant on final trial day in Madrid
13/6/2019,business,'You can't blame a team for celebrating a win'
13/6/2019,business,Viewpoint: What series on Central Park Five teaches us today
13/6/2019,business,When Pepsi was swapped for Soviet warships
13/6/2019,business,Background you need on the Hong Kong protests
13/6/2019,business,Eritrea's 'ice bucket' bid to oust Isaias Afwerki
13/6/2019,business,Crossing Divides: The Sri Lankan civil war enemies who fell in love
13/6/2019,business,Why 9/11 heroes are begging Congress for money
13/6/2019,business,Very Hungry Caterpillar still being devoured 50 years on
13/6/2019,business,Ivan Golunov's Russian release: Why this case matters
13/6/2019,business,Chernobyl survivors assess fact and fiction in TV series
13/6/2019,business,US man describes his journey from janitor to principal
13/6/2019,business,Maren Morris: Country music has a problem with sexuality
13/6/2019,business,The surprising benefits of talking to strangers
13/6/2019,business,What's killing Yosemite's trees?
13/6/2019,business,Baby elephant takes first wobbly steps
13/6/2019,business,63-year old dance instructor: 'Exercise saved my life'
13/6/2019,business,Tearful Jon Stewart rebukes Congress over 9/11 fund
13/6/2019,business,How the US-China trade war squeezes California's wine country
13/6/2019,business,The Nightingale: Film director defends controversial rape scenes
13/6/2019,business,Plant extinction 'bad news for all species'
13/6/2019,business,Sweethearts torn apart by WW2 reunite 75 years on
13/6/2019,business,Handmaid's fail: Kylie Jenner faces backlash for themed party
13/6/2019,business,Catch 22: How George Clooney was lured back to TV
13/6/2019,politics,Hong Kong extradition protests: Lam criticises 'organised riots'
13/6/2019,politics,"New Ebola outbreak in DRC is 'truly frightening', says Wellcome Trust director"
13/6/2019,politics,Mexico says sale of presidential plane will curb illegal migration
13/6/2019,politics,"Trump: US to send 1,000 troops to Poland in new deal"
13/6/2019,politics,Why African football boss Ahmad was called in by French investigators
13/6/2019,politics,UK man donates frostbitten toe to Yukon bar
13/6/2019,politics,Turkey to get Russian S-400 missile system 'in July' amid row over US jets
13/6/2019,politics,Seventh victim of Cyprus serial killer found
13/6/2019,politics,Mali village attack death toll revised down to 35
13/6/2019,politics,Huawei cancels laptop launch because of US trade blacklist
13/6/2019,politics,Catalan separatists defiant on final trial day in Madrid
13/6/2019,politics,'You can't blame a team for celebrating a win'
13/6/2019,politics,Viewpoint: What series on Central Park Five teaches us today
13/6/2019,politics,When Pepsi was swapped for Soviet warships
13/6/2019,politics,Background you need on the Hong Kong protests
13/6/2019,politics,Eritrea's 'ice bucket' bid to oust Isaias Afwerki
13/6/2019,politics,Crossing Divides: The Sri Lankan civil war enemies who fell in love
13/6/2019,politics,Why 9/11 heroes are begging Congress for money
13/6/2019,politics,Very Hungry Caterpillar still being devoured 50 years on
13/6/2019,politics,Ivan Golunov's Russian release: Why this case matters
13/6/2019,politics,Chernobyl survivors assess fact and fiction in TV series
13/6/2019,politics,US man describes his journey from janitor to principal
13/6/2019,politics,Maren Morris: Country music has a problem with sexuality
13/6/2019,politics,The surprising benefits of talking to strangers
13/6/2019,politics,What's killing Yosemite's trees?
13/6/2019,politics,Baby elephant takes first wobbly steps
13/6/2019,politics,63-year old dance instructor: 'Exercise saved my life'
13/6/2019,politics,Tearful Jon Stewart rebukes Congress over 9/11 fund
13/6/2019,politics,How the US-China trade war squeezes California's wine country
13/6/2019,politics,The Nightingale: Film director defends controversial rape scenes
13/6/2019,politics,Plant extinction 'bad news for all species'
13/6/2019,politics,Sweethearts torn apart by WW2 reunite 75 years on
13/6/2019,politics,Handmaid's fail: Kylie Jenner faces backlash for themed party
13/6/2019,politics,Catch 22: How George Clooney was lured back to TV
13/6/2019,health,Hong Kong extradition protests: Lam criticises 'organised riots'
13/6/2019,health,"New Ebola outbreak in DRC is 'truly frightening', says Wellcome Trust director"
13/6/2019,health,Mexico says sale of presidential plane will curb illegal migration
13/6/2019,health,"Trump: US to send 1,000 troops to Poland in new deal"
13/6/2019,health,Why African football boss Ahmad was called in by French investigators
13/6/2019,health,UK man donates frostbitten toe to Yukon bar
13/6/2019,health,Turkey to get Russian S-400 missile system 'in July' amid row over US jets
13/6/2019,health,Seventh victim of Cyprus serial killer found
13/6/2019,health,Mali village attack death toll revised down to 35
13/6/2019,health,Huawei cancels laptop launch because of US trade blacklist
13/6/2019,health,Catalan separatists defiant on final trial day in Madrid
13/6/2019,health,'You can't blame a team for celebrating a win'
13/6/2019,health,Viewpoint: What series on Central Park Five teaches us today
13/6/2019,health,When Pepsi was swapped for Soviet warships
13/6/2019,health,Background you need on the Hong Kong protests
13/6/2019,health,Eritrea's 'ice bucket' bid to oust Isaias Afwerki
13/6/2019,health,Crossing Divides: The Sri Lankan civil war enemies who fell in love
13/6/2019,health,Why 9/11 heroes are begging Congress for money
13/6/2019,health,Very Hungry Caterpillar still being devoured 50 years on
13/6/2019,health,Ivan Golunov's Russian release: Why this case matters
13/6/2019,health,Chernobyl survivors assess fact and fiction in TV series
13/6/2019,health,US man describes his journey from janitor to principal
13/6/2019,health,Maren Morris: Country music has a problem with sexuality
13/6/2019,health,The surprising benefits of talking to strangers
13/6/2019,health,What's killing Yosemite's trees?
13/6/2019,health,Baby elephant takes first wobbly steps
13/6/2019,health,63-year old dance instructor: 'Exercise saved my life'
13/6/2019,health,Tearful Jon Stewart rebukes Congress over 9/11 fund
13/6/2019,health,How the US-China trade war squeezes California's wine country
13/6/2019,health,The Nightingale: Film director defends controversial rape scenes
13/6/2019,health,Plant extinction 'bad news for all species'
13/6/2019,health,Sweethearts torn apart by WW2 reunite 75 years on
13/6/2019,health,Handmaid's fail: Kylie Jenner faces backlash for themed party
13/6/2019,health,Catch 22: How George Clooney was lured back to TV
13/6/2019,education,Hong Kong extradition protests: Lam criticises 'organised riots'
13/6/2019,education,"New Ebola outbreak in DRC is 'truly frightening', says Wellcome Trust director"
13/6/2019,education,Mexico says sale of presidential plane will curb illegal migration
13/6/2019,education,"Trump: US to send 1,000 troops to Poland in new deal"
13/6/2019,education,Why African football boss Ahmad was called in by French investigators
13/6/2019,education,UK man donates frostbitten toe to Yukon bar
13/6/2019,education,Turkey to get Russian S-400 missile system 'in July' amid row over US jets
13/6/2019,education,Seventh victim of Cyprus serial killer found
13/6/2019,education,Mali village attack death toll revised down to 35
13/6/2019,education,Huawei cancels laptop launch because of US trade blacklist
13/6/2019,education,Catalan separatists defiant on final trial day in Madrid
13/6/2019,education,'You can't blame a team for celebrating a win'
13/6/2019,education,Viewpoint: What series on Central Park Five teaches us today
13/6/2019,education,When Pepsi was swapped for Soviet warships
13/6/2019,education,Background you need on the Hong Kong protests
13/6/2019,education,Eritrea's 'ice bucket' bid to oust Isaias Afwerki
13/6/2019,education,Crossing Divides: The Sri Lankan civil war enemies who fell in love
13/6/2019,education,Why 9/11 heroes are begging Congress for money
13/6/2019,education,Very Hungry Caterpillar still being devoured 50 years on
13/6/2019,education,Ivan Golunov's Russian release: Why this case matters
13/6/2019,education,Chernobyl survivors assess fact and fiction in TV series
13/6/2019,education,US man describes his journey from janitor to principal
13/6/2019,education,Maren Morris: Country music has a problem with sexuality
13/6/2019,education,The surprising benefits of talking to strangers
13/6/2019,education,What's killing Yosemite's trees?
13/6/2019,education,Baby elephant takes first wobbly steps
13/6/2019,education,63-year old dance instructor: 'Exercise saved my life'
13/6/2019,education,Tearful Jon Stewart rebukes Congress over 9/11 fund
13/6/2019,education,How the US-China trade war squeezes California's wine country
13/6/2019,education,The Nightingale: Film director defends controversial rape scenes
13/6/2019,education,Plant extinction 'bad news for all species'
13/6/2019,education,Sweethearts torn apart by WW2 reunite 75 years on
13/6/2019,education,Handmaid's fail: Kylie Jenner faces backlash for themed party
13/6/2019,education,Catch 22: How George Clooney was lured back to TV
13/6/2019,science_and_environment,Hong Kong extradition protests: Lam criticises 'organised riots'
13/6/2019,science_and_environment,"New Ebola outbreak in DRC is 'truly frightening', says Wellcome Trust director"
13/6/2019,science_and_environment,Mexico says sale of presidential plane will curb illegal migration
13/6/2019,science_and_environment,"Trump: US to send 1,000 troops to Poland in new deal"
13/6/2019,science_and_environment,Why African football boss Ahmad was called in by French investigators
13/6/2019,science_and_environment,UK man donates frostbitten toe to Yukon bar
13/6/2019,science_and_environment,Turkey to get Russian S-400 missile system 'in July' amid row over US jets
13/6/2019,science_and_environment,Seventh victim of Cyprus serial killer found
13/6/2019,science_and_environment,Mali village attack death toll revised down to 35
13/6/2019,science_and_environment,Huawei cancels laptop launch because of US trade blacklist
13/6/2019,science_and_environment,Catalan separatists defiant on final trial day in Madrid
13/6/2019,science_and_environment,'You can't blame a team for celebrating a win'
13/6/2019,science_and_environment,Viewpoint: What series on Central Park Five teaches us today
13/6/2019,science_and_environment,When Pepsi was swapped for Soviet warships
13/6/2019,science_and_environment,Background you need on the Hong Kong protests
13/6/2019,science_and_environment,Eritrea's 'ice bucket' bid to oust Isaias Afwerki
13/6/2019,science_and_environment,Crossing Divides: The Sri Lankan civil war enemies who fell in love
13/6/2019,science_and_environment,Why 9/11 heroes are begging Congress for money
13/6/2019,science_and_environment,Very Hungry Caterpillar still being devoured 50 years on
13/6/2019,science_and_environment,Ivan Golunov's Russian release: Why this case matters
13/6/2019,science_and_environment,Chernobyl survivors assess fact and fiction in TV series
13/6/2019,science_and_environment,US man describes his journey from janitor to principal
13/6/2019,science_and_environment,Maren Morris: Country music has a problem with sexuality
13/6/2019,science_and_environment,The surprising benefits of talking to strangers
13/6/2019,science_and_environment,What's killing Yosemite's trees?
13/6/2019,science_and_environment,Baby elephant takes first wobbly steps
13/6/2019,science_and_environment,63-year old dance instructor: 'Exercise saved my life'
13/6/2019,science_and_environment,Tearful Jon Stewart rebukes Congress over 9/11 fund
13/6/2019,science_and_environment,How the US-China trade war squeezes California's wine country
13/6/2019,science_and_environment,The Nightingale: Film director defends controversial rape scenes
13/6/2019,science_and_environment,Plant extinction 'bad news for all species'
13/6/2019,science_and_environment,Sweethearts torn apart by WW2 reunite 75 years on
13/6/2019,science_and_environment,Handmaid's fail: Kylie Jenner faces backlash for themed party
13/6/2019,science_and_environment,Catch 22: How George Clooney was lured back to TV
13/6/2019,technology,Hong Kong extradition protests: Lam criticises 'organised riots'
13/6/2019,technology,"New Ebola outbreak in DRC is 'truly frightening', says Wellcome Trust director"
13/6/2019,technology,Mexico says sale of presidential plane will curb illegal migration
13/6/2019,technology,"Trump: US to send 1,000 troops to Poland in new deal"
13/6/2019,technology,Why African football boss Ahmad was called in by French investigators
13/6/2019,technology,UK man donates frostbitten toe to Yukon bar
13/6/2019,technology,Turkey to get Russian S-400 missile system 'in July' amid row over US jets
13/6/2019,technology,Seventh victim of Cyprus serial killer found
13/6/2019,technology,Mali village attack death toll revised down to 35
13/6/2019,technology,Huawei cancels laptop launch because of US trade blacklist
13/6/2019,technology,Catalan separatists defiant on final trial day in Madrid
13/6/2019,technology,'You can't blame a team for celebrating a win'
13/6/2019,technology,Viewpoint: What series on Central Park Five teaches us today
13/6/2019,technology,When Pepsi was swapped for Soviet warships
13/6/2019,technology,Background you need on the Hong Kong protests
13/6/2019,technology,Eritrea's 'ice bucket' bid to oust Isaias Afwerki
13/6/2019,technology,Crossing Divides: The Sri Lankan civil war enemies who fell in love
13/6/2019,technology,Why 9/11 heroes are begging Congress for money
13/6/2019,technology,Very Hungry Caterpillar still being devoured 50 years on
13/6/2019,technology,Ivan Golunov's Russian release: Why this case matters
13/6/2019,technology,Chernobyl survivors assess fact and fiction in TV series
13/6/2019,technology,US man describes his journey from janitor to principal
13/6/2019,technology,Maren Morris: Country music has a problem with sexuality
13/6/2019,technology,The surprising benefits of talking to strangers
13/6/2019,technology,What's killing Yosemite's trees?
13/6/2019,technology,Baby elephant takes first wobbly steps
13/6/2019,technology,63-year old dance instructor: 'Exercise saved my life'
13/6/2019,technology,Tearful Jon Stewart rebukes Congress over 9/11 fund
13/6/2019,technology,How the US-China trade war squeezes California's wine country
13/6/2019,technology,The Nightingale: Film director defends controversial rape scenes
13/6/2019,technology,Plant extinction 'bad news for all species'
13/6/2019,technology,Sweethearts torn apart by WW2 reunite 75 years on
13/6/2019,technology,Handmaid's fail: Kylie Jenner faces backlash for themed party
13/6/2019,technology,Catch 22: How George Clooney was lured back to TV
13/6/2019,entertainmant_and_arts,Hong Kong extradition protests: Lam criticises 'organised riots'
13/6/2019,entertainmant_and_arts,"New Ebola outbreak in DRC is 'truly frightening', says Wellcome Trust director"
13/6/2019,entertainmant_and_arts,Mexico says sale of presidential plane will curb illegal migration
13/6/2019,entertainmant_and_arts,"Trump: US to send 1,000 troops to Poland in new deal"
13/6/2019,entertainmant_and_arts,Why African football boss Ahmad was called in by French investigators
13/6/2019,entertainmant_and_arts,UK man donates frostbitten toe to Yukon bar
13/6/2019,entertainmant_and_arts,Turkey to get Russian S-400 missile system 'in July' amid row over US jets
13/6/2019,entertainmant_and_arts,Seventh victim of Cyprus serial killer found
13/6/2019,entertainmant_and_arts,Mali village attack death toll revised down to 35
13/6/2019,entertainmant_and_arts,Huawei cancels laptop launch because of US trade blacklist
13/6/2019,entertainmant_and_arts,Catalan separatists defiant on final trial day in Madrid
13/6/2019,entertainmant_and_arts,'You can't blame a team for celebrating a win'
13/6/2019,entertainmant_and_arts,Viewpoint: What series on Central Park Five teaches us today
13/6/2019,entertainmant_and_arts,When Pepsi was swapped for Soviet warships
13/6/2019,entertainmant_and_arts,Background you need on the Hong Kong protests
13/6/2019,entertainmant_and_arts,Eritrea's 'ice bucket' bid to oust Isaias Afwerki
13/6/2019,entertainmant_and_arts,Crossing Divides: The Sri Lankan civil war enemies who fell in love
13/6/2019,entertainmant_and_arts,Why 9/11 heroes are begging Congress for money
13/6/2019,entertainmant_and_arts,Very Hungry Caterpillar still being devoured 50 years on
13/6/2019,entertainmant_and_arts,Ivan Golunov's Russian release: Why this case matters
13/6/2019,entertainmant_and_arts,Chernobyl survivors assess fact and fiction in TV series
13/6/2019,entertainmant_and_arts,US man describes his journey from janitor to principal
13/6/2019,entertainmant_and_arts,Maren Morris: Country music has a problem with sexuality
13/6/2019,entertainmant_and_arts,The surprising benefits of talking to strangers
13/6/2019,entertainmant_and_arts,What's killing Yosemite's trees?
13/6/2019,entertainmant_and_arts,Baby elephant takes first wobbly steps
13/6/2019,entertainmant_and_arts,63-year old dance instructor: 'Exercise saved my life'
13/6/2019,entertainmant_and_arts,Tearful Jon Stewart rebukes Congress over 9/11 fund
13/6/2019,entertainmant_and_arts,How the US-China trade war squeezes California's wine country
13/6/2019,entertainmant_and_arts,The Nightingale: Film director defends controversial rape scenes
13/6/2019,entertainmant_and_arts,Plant extinction 'bad news for all species'
13/6/2019,entertainmant_and_arts,Sweethearts torn apart by WW2 reunite 75 years on
13/6/2019,entertainmant_and_arts,Handmaid's fail: Kylie Jenner faces backlash for themed party
13/6/2019,entertainmant_and_arts,Catch 22: How George Clooney was lured back to TV
13/6/2019,world/africa,Hong Kong extradition protests: Lam criticises 'organised riots'
13/6/2019,world/africa,"New Ebola outbreak in DRC is 'truly frightening', says Wellcome Trust director"
13/6/2019,world/africa,Mexico says sale of presidential plane will curb illegal migration
13/6/2019,world/africa,"Trump: US to send 1,000 troops to Poland in new deal"
13/6/2019,world/africa,Why African football boss Ahmad was called in by French investigators
13/6/2019,world/africa,UK man donates frostbitten toe to Yukon bar
13/6/2019,world/africa,Turkey to get Russian S-400 missile system 'in July' amid row over US jets
13/6/2019,world/africa,Seventh victim of Cyprus serial killer found
13/6/2019,world/africa,Mali village attack death toll revised down to 35
13/6/2019,world/africa,Huawei cancels laptop launch because of US trade blacklist
13/6/2019,world/africa,Catalan separatists defiant on final trial day in Madrid
13/6/2019,world/africa,'You can't blame a team for celebrating a win'
13/6/2019,world/africa,Viewpoint: What series on Central Park Five teaches us today
13/6/2019,world/africa,When Pepsi was swapped for Soviet warships
13/6/2019,world/africa,Background you need on the Hong Kong protests
13/6/2019,world/africa,Eritrea's 'ice bucket' bid to oust Isaias Afwerki
13/6/2019,world/africa,Crossing Divides: The Sri Lankan civil war enemies who fell in love
13/6/2019,world/africa,Why 9/11 heroes are begging Congress for money
13/6/2019,world/africa,Very Hungry Caterpillar still being devoured 50 years on
13/6/2019,world/africa,Ivan Golunov's Russian release: Why this case matters
13/6/2019,world/africa,Chernobyl survivors assess fact and fiction in TV series
13/6/2019,world/africa,US man describes his journey from janitor to principal
13/6/2019,world/africa,Maren Morris: Country music has a problem with sexuality
13/6/2019,world/africa,The surprising benefits of talking to strangers
13/6/2019,world/africa,What's killing Yosemite's trees?
13/6/2019,world/africa,Baby elephant takes first wobbly steps
13/6/2019,world/africa,63-year old dance instructor: 'Exercise saved my life'
13/6/2019,world/africa,Tearful Jon Stewart rebukes Congress over 9/11 fund
13/6/2019,world/africa,How the US-China trade war squeezes California's wine country
13/6/2019,world/africa,The Nightingale: Film director defends controversial rape scenes
13/6/2019,world/africa,Plant extinction 'bad news for all species'
13/6/2019,world/africa,Sweethearts torn apart by WW2 reunite 75 years on
13/6/2019,world/africa,Handmaid's fail: Kylie Jenner faces backlash for themed party
13/6/2019,world/africa,Catch 22: How George Clooney was lured back to TV
13/6/2019,world/asia,Hong Kong extradition protests: Lam criticises 'organised riots'
13/6/2019,world/asia,"New Ebola outbreak in DRC is 'truly frightening', says Wellcome Trust director"
13/6/2019,world/asia,Mexico says sale of presidential plane will curb illegal migration
13/6/2019,world/asia,"Trump: US to send 1,000 troops to Poland in new deal"
13/6/2019,world/asia,Why African football boss Ahmad was called in by French investigators
13/6/2019,world/asia,UK man donates frostbitten toe to Yukon bar
13/6/2019,world/asia,Turkey to get Russian S-400 missile system 'in July' amid row over US jets
13/6/2019,world/asia,Seventh victim of Cyprus serial killer found
13/6/2019,world/asia,Mali village attack death toll revised down to 35
13/6/2019,world/asia,Huawei cancels laptop launch because of US trade blacklist
13/6/2019,world/asia,Catalan separatists defiant on final trial day in Madrid
13/6/2019,world/asia,'You can't blame a team for celebrating a win'
13/6/2019,world/asia,Viewpoint: What series on Central Park Five teaches us today
13/6/2019,world/asia,When Pepsi was swapped for Soviet warships
13/6/2019,world/asia,Background you need on the Hong Kong protests
13/6/2019,world/asia,Eritrea's 'ice bucket' bid to oust Isaias Afwerki
13/6/2019,world/asia,Crossing Divides: The Sri Lankan civil war enemies who fell in love
13/6/2019,world/asia,Why 9/11 heroes are begging Congress for money
13/6/2019,world/asia,Very Hungry Caterpillar still being devoured 50 years on
13/6/2019,world/asia,Ivan Golunov's Russian release: Why this case matters
13/6/2019,world/asia,Chernobyl survivors assess fact and fiction in TV series
13/6/2019,world/asia,US man describes his journey from janitor to principal
13/6/2019,world/asia,Maren Morris: Country music has a problem with sexuality
13/6/2019,world/asia,The surprising benefits of talking to strangers
13/6/2019,world/asia,What's killing Yosemite's trees?
13/6/2019,world/asia,Baby elephant takes first wobbly steps
13/6/2019,world/asia,63-year old dance instructor: 'Exercise saved my life'
13/6/2019,world/asia,Tearful Jon Stewart rebukes Congress over 9/11 fund
13/6/2019,world/asia,How the US-China trade war squeezes California's wine country
13/6/2019,world/asia,The Nightingale: Film director defends controversial rape scenes
13/6/2019,world/asia,Plant extinction 'bad news for all species'
13/6/2019,world/asia,Sweethearts torn apart by WW2 reunite 75 years on
13/6/2019,world/asia,Handmaid's fail: Kylie Jenner faces backlash for themed party
13/6/2019,world/asia,Catch 22: How George Clooney was lured back to TV
13/6/2019,world/europe,Hong Kong extradition protests: Lam criticises 'organised riots'
13/6/2019,world/europe,"New Ebola outbreak in DRC is 'truly frightening', says Wellcome Trust director"
13/6/2019,world/europe,Mexico says sale of presidential plane will curb illegal migration
13/6/2019,world/europe,"Trump: US to send 1,000 troops to Poland in new deal"
13/6/2019,world/europe,Why African football boss Ahmad was called in by French investigators
13/6/2019,world/europe,UK man donates frostbitten toe to Yukon bar
13/6/2019,world/europe,Turkey to get Russian S-400 missile system 'in July' amid row over US jets
13/6/2019,world/europe,Seventh victim of Cyprus serial killer found
13/6/2019,world/europe,Mali village attack death toll revised down to 35
13/6/2019,world/europe,Huawei cancels laptop launch because of US trade blacklist
13/6/2019,world/europe,Catalan separatists defiant on final trial day in Madrid
13/6/2019,world/europe,'You can't blame a team for celebrating a win'
13/6/2019,world/europe,Viewpoint: What series on Central Park Five teaches us today
13/6/2019,world/europe,When Pepsi was swapped for Soviet warships
13/6/2019,world/europe,Background you need on the Hong Kong protests
13/6/2019,world/europe,Eritrea's 'ice bucket' bid to oust Isaias Afwerki
13/6/2019,world/europe,Crossing Divides: The Sri Lankan civil war enemies who fell in love
13/6/2019,world/europe,Why 9/11 heroes are begging Congress for money
13/6/2019,world/europe,Very Hungry Caterpillar still being devoured 50 years on
13/6/2019,world/europe,Ivan Golunov's Russian release: Why this case matters
13/6/2019,world/europe,Chernobyl survivors assess fact and fiction in TV series
13/6/2019,world/europe,US man describes his journey from janitor to principal
13/6/2019,world/europe,Maren Morris: Country music has a problem with sexuality
13/6/2019,world/europe,The surprising benefits of talking to strangers
13/6/2019,world/europe,What's killing Yosemite's trees?
13/6/2019,world/europe,Baby elephant takes first wobbly steps
13/6/2019,world/europe,63-year old dance instructor: 'Exercise saved my life'
13/6/2019,world/europe,Tearful Jon Stewart rebukes Congress over 9/11 fund
13/6/2019,world/europe,How the US-China trade war squeezes California's wine country
13/6/2019,world/europe,The Nightingale: Film director defends controversial rape scenes
13/6/2019,world/europe,Plant extinction 'bad news for all species'
13/6/2019,world/europe,Sweethearts torn apart by WW2 reunite 75 years on
13/6/2019,world/europe,Handmaid's fail: Kylie Jenner faces backlash for themed party
13/6/2019,world/europe,Catch 22: How George Clooney was lured back to TV
13/6/2019,world/latin_america,Hong Kong extradition protests: Lam criticises 'organised riots'
13/6/2019,world/latin_america,"New Ebola outbreak in DRC is 'truly frightening', says Wellcome Trust director"
13/6/2019,world/latin_america,Mexico says sale of presidential plane will curb illegal migration
13/6/2019,world/latin_america,"Trump: US to send 1,000 troops to Poland in new deal"
13/6/2019,world/latin_america,Why African football boss Ahmad was called in by French investigators
13/6/2019,world/latin_america,UK man donates frostbitten toe to Yukon bar
13/6/2019,world/latin_america,Turkey to get Russian S-400 missile system 'in July' amid row over US jets
13/6/2019,world/latin_america,Seventh victim of Cyprus serial killer found
13/6/2019,world/latin_america,Mali village attack death toll revised down to 35
13/6/2019,world/latin_america,Huawei cancels laptop launch because of US trade blacklist
13/6/2019,world/latin_america,Catalan separatists defiant on final trial day in Madrid
13/6/2019,world/latin_america,'You can't blame a team for celebrating a win'
13/6/2019,world/latin_america,Viewpoint: What series on Central Park Five teaches us today
13/6/2019,world/latin_america,When Pepsi was swapped for Soviet warships
13/6/2019,world/latin_america,Background you need on the Hong Kong protests
13/6/2019,world/latin_america,Eritrea's 'ice bucket' bid to oust Isaias Afwerki
13/6/2019,world/latin_america,Crossing Divides: The Sri Lankan civil war enemies who fell in love
13/6/2019,world/latin_america,Why 9/11 heroes are begging Congress for money
13/6/2019,world/latin_america,Very Hungry Caterpillar still being devoured 50 years on
13/6/2019,world/latin_america,Ivan Golunov's Russian release: Why this case matters
13/6/2019,world/latin_america,Chernobyl survivors assess fact and fiction in TV series
13/6/2019,world/latin_america,US man describes his journey from janitor to principal
13/6/2019,world/latin_america,Maren Morris: Country music has a problem with sexuality
13/6/2019,world/latin_america,The surprising benefits of talking to strangers
13/6/2019,world/latin_america,What's killing Yosemite's trees?
13/6/2019,world/latin_america,Baby elephant takes first wobbly steps
13/6/2019,world/latin_america,63-year old dance instructor: 'Exercise saved my life'
13/6/2019,world/latin_america,Tearful Jon Stewart rebukes Congress over 9/11 fund
13/6/2019,world/latin_america,How the US-China trade war squeezes California's wine country
13/6/2019,world/latin_america,The Nightingale: Film director defends controversial rape scenes
13/6/2019,world/latin_america,Plant extinction 'bad news for all species'
13/6/2019,world/latin_america,Sweethearts torn apart by WW2 reunite 75 years on
13/6/2019,world/latin_america,Handmaid's fail: Kylie Jenner faces backlash for themed party
13/6/2019,world/latin_america,Catch 22: How George Clooney was lured back to TV
13/6/2019,world/middle_east,Hong Kong extradition protests: Lam criticises 'organised riots'
13/6/2019,world/middle_east,"New Ebola outbreak in DRC is 'truly frightening', says Wellcome Trust director"
13/6/2019,world/middle_east,Mexico says sale of presidential plane will curb illegal migration
13/6/2019,world/middle_east,"Trump: US to send 1,000 troops to Poland in new deal"
13/6/2019,world/middle_east,Why African football boss Ahmad was called in by French investigators
13/6/2019,world/middle_east,UK man donates frostbitten toe to Yukon bar
13/6/2019,world/middle_east,Turkey to get Russian S-400 missile system 'in July' amid row over US jets
13/6/2019,world/middle_east,Seventh victim of Cyprus serial killer found
13/6/2019,world/middle_east,Mali village attack death toll revised down to 35
13/6/2019,world/middle_east,Huawei cancels laptop launch because of US trade blacklist
13/6/2019,world/middle_east,Catalan separatists defiant on final trial day in Madrid
13/6/2019,world/middle_east,'You can't blame a team for celebrating a win'
13/6/2019,world/middle_east,Viewpoint: What series on Central Park Five teaches us today
13/6/2019,world/middle_east,When Pepsi was swapped for Soviet warships
13/6/2019,world/middle_east,Background you need on the Hong Kong protests
13/6/2019,world/middle_east,Eritrea's 'ice bucket' bid to oust Isaias Afwerki
13/6/2019,world/middle_east,Crossing Divides: The Sri Lankan civil war enemies who fell in love
13/6/2019,world/middle_east,Why 9/11 heroes are begging Congress for money
13/6/2019,world/middle_east,Very Hungry Caterpillar still being devoured 50 years on
13/6/2019,world/middle_east,Ivan Golunov's Russian release: Why this case matters
13/6/2019,world/middle_east,Chernobyl survivors assess fact and fiction in TV series
13/6/2019,world/middle_east,US man describes his journey from janitor to principal
13/6/2019,world/middle_east,Maren Morris: Country music has a problem with sexuality
13/6/2019,world/middle_east,The surprising benefits of talking to strangers
13/6/2019,world/middle_east,What's killing Yosemite's trees?
13/6/2019,world/middle_east,Baby elephant takes first wobbly steps
13/6/2019,world/middle_east,63-year old dance instructor: 'Exercise saved my life'
13/6/2019,world/middle_east,Tearful Jon Stewart rebukes Congress over 9/11 fund
13/6/2019,world/middle_east,How the US-China trade war squeezes California's wine country
13/6/2019,world/middle_east,The Nightingale: Film director defends controversial rape scenes
13/6/2019,world/middle_east,Plant extinction 'bad news for all species'
13/6/2019,world/middle_east,Sweethearts torn apart by WW2 reunite 75 years on
13/6/2019,world/middle_east,Handmaid's fail: Kylie Jenner faces backlash for themed party
13/6/2019,world/middle_east,Catch 22: How George Clooney was lured back to TV
13/6/2019,world/us_and_canada,Hong Kong extradition protests: Lam criticises 'organised riots'
13/6/2019,world/us_and_canada,"New Ebola outbreak in DRC is 'truly frightening', says Wellcome Trust director"
13/6/2019,world/us_and_canada,Mexico says sale of presidential plane will curb illegal migration
13/6/2019,world/us_and_canada,"Trump: US to send 1,000 troops to Poland in new deal"
13/6/2019,world/us_and_canada,Why African football boss Ahmad was called in by French investigators
13/6/2019,world/us_and_canada,UK man donates frostbitten toe to Yukon bar
13/6/2019,world/us_and_canada,Turkey to get Russian S-400 missile system 'in July' amid row over US jets
13/6/2019,world/us_and_canada,Seventh victim of Cyprus serial killer found
13/6/2019,world/us_and_canada,Mali village attack death toll revised down to 35
13/6/2019,world/us_and_canada,Huawei cancels laptop launch because of US trade blacklist
13/6/2019,world/us_and_canada,Catalan separatists defiant on final trial day in Madrid
13/6/2019,world/us_and_canada,'You can't blame a team for celebrating a win'
13/6/2019,world/us_and_canada,Viewpoint: What series on Central Park Five teaches us today
13/6/2019,world/us_and_canada,When Pepsi was swapped for Soviet warships
13/6/2019,world/us_and_canada,Background you need on the Hong Kong protests
13/6/2019,world/us_and_canada,Eritrea's 'ice bucket' bid to oust Isaias Afwerki
13/6/2019,world/us_and_canada,Crossing Divides: The Sri Lankan civil war enemies who fell in love
13/6/2019,world/us_and_canada,Why 9/11 heroes are begging Congress for money
13/6/2019,world/us_and_canada,Very Hungry Caterpillar still being devoured 50 years on
13/6/2019,world/us_and_canada,Ivan Golunov's Russian release: Why this case matters
13/6/2019,world/us_and_canada,Chernobyl survivors assess fact and fiction in TV series
13/6/2019,world/us_and_canada,US man describes his journey from janitor to principal
13/6/2019,world/us_and_canada,Maren Morris: Country music has a problem with sexuality
13/6/2019,world/us_and_canada,The surprising benefits of talking to strangers
13/6/2019,world/us_and_canada,What's killing Yosemite's trees?
13/6/2019,world/us_and_canada,Baby elephant takes first wobbly steps
13/6/2019,world/us_and_canada,63-year old dance instructor: 'Exercise saved my life'
13/6/2019,world/us_and_canada,Tearful Jon Stewart rebukes Congress over 9/11 fund
13/6/2019,world/us_and_canada,How the US-China trade war squeezes California's wine country
13/6/2019,world/us_and_canada,The Nightingale: Film director defends controversial rape scenes
13/6/2019,world/us_and_canada,Plant extinction 'bad news for all species'
13/6/2019,world/us_and_canada,Sweethearts torn apart by WW2 reunite 75 years on
13/6/2019,world/us_and_canada,Handmaid's fail: Kylie Jenner faces backlash for themed party
13/6/2019,world/us_and_canada,Catch 22: How George Clooney was lured back to TV
13/6/2019,world/england,Hong Kong extradition protests: Lam criticises 'organised riots'
13/6/2019,world/england,"New Ebola outbreak in DRC is 'truly frightening', says Wellcome Trust director"
13/6/2019,world/england,Mexico says sale of presidential plane will curb illegal migration
13/6/2019,world/england,"Trump: US to send 1,000 troops to Poland in new deal"
13/6/2019,world/england,Why African football boss Ahmad was called in by French investigators
13/6/2019,world/england,UK man donates frostbitten toe to Yukon bar
13/6/2019,world/england,Turkey to get Russian S-400 missile system 'in July' amid row over US jets
13/6/2019,world/england,Seventh victim of Cyprus serial killer found
13/6/2019,world/england,Mali village attack death toll revised down to 35
13/6/2019,world/england,Huawei cancels laptop launch because of US trade blacklist
13/6/2019,world/england,Catalan separatists defiant on final trial day in Madrid
13/6/2019,world/england,'You can't blame a team for celebrating a win'
13/6/2019,world/england,Viewpoint: What series on Central Park Five teaches us today
13/6/2019,world/england,When Pepsi was swapped for Soviet warships
13/6/2019,world/england,Background you need on the Hong Kong protests
13/6/2019,world/england,Eritrea's 'ice bucket' bid to oust Isaias Afwerki
13/6/2019,world/england,Crossing Divides: The Sri Lankan civil war enemies who fell in love
13/6/2019,world/england,Why 9/11 heroes are begging Congress for money
13/6/2019,world/england,Very Hungry Caterpillar still being devoured 50 years on
13/6/2019,world/england,Ivan Golunov's Russian release: Why this case matters
13/6/2019,world/england,Chernobyl survivors assess fact and fiction in TV series
13/6/2019,world/england,US man describes his journey from janitor to principal
13/6/2019,world/england,Maren Morris: Country music has a problem with sexuality
13/6/2019,world/england,The surprising benefits of talking to strangers
13/6/2019,world/england,What's killing Yosemite's trees?
13/6/2019,world/england,Baby elephant takes first wobbly steps
13/6/2019,world/england,63-year old dance instructor: 'Exercise saved my life'
13/6/2019,world/england,Tearful Jon Stewart rebukes Congress over 9/11 fund
13/6/2019,world/england,How the US-China trade war squeezes California's wine country
13/6/2019,world/england,The Nightingale: Film director defends controversial rape scenes
13/6/2019,world/england,Plant extinction 'bad news for all species'
13/6/2019,world/england,Sweethearts torn apart by WW2 reunite 75 years on
13/6/2019,world/england,Handmaid's fail: Kylie Jenner faces backlash for themed party
13/6/2019,world/england,Catch 22: How George Clooney was lured back to TV
13/6/2019,northern_ireland,Hong Kong extradition protests: Lam criticises 'organised riots'
13/6/2019,northern_ireland,"New Ebola outbreak in DRC is 'truly frightening', says Wellcome Trust director"
13/6/2019,northern_ireland,Mexico says sale of presidential plane will curb illegal migration
13/6/2019,northern_ireland,"Trump: US to send 1,000 troops to Poland in new deal"
13/6/2019,northern_ireland,Why African football boss Ahmad was called in by French investigators
13/6/2019,northern_ireland,UK man donates frostbitten toe to Yukon bar
13/6/2019,northern_ireland,Turkey to get Russian S-400 missile system 'in July' amid row over US jets
13/6/2019,northern_ireland,Seventh victim of Cyprus serial killer found
13/6/2019,northern_ireland,Mali village attack death toll revised down to 35
13/6/2019,northern_ireland,Huawei cancels laptop launch because of US trade blacklist
13/6/2019,northern_ireland,Catalan separatists defiant on final trial day in Madrid
13/6/2019,northern_ireland,'You can't blame a team for celebrating a win'
13/6/2019,northern_ireland,Viewpoint: What series on Central Park Five teaches us today
13/6/2019,northern_ireland,When Pepsi was swapped for Soviet warships
13/6/2019,northern_ireland,Background you need on the Hong Kong protests
13/6/2019,northern_ireland,Eritrea's 'ice bucket' bid to oust Isaias Afwerki
13/6/2019,northern_ireland,Crossing Divides: The Sri Lankan civil war enemies who fell in love
13/6/2019,northern_ireland,Why 9/11 heroes are begging Congress for money
13/6/2019,northern_ireland,Very Hungry Caterpillar still being devoured 50 years on
13/6/2019,northern_ireland,Ivan Golunov's Russian release: Why this case matters
13/6/2019,northern_ireland,Chernobyl survivors assess fact and fiction in TV series
13/6/2019,northern_ireland,US man describes his journey from janitor to principal
13/6/2019,northern_ireland,Maren Morris: Country music has a problem with sexuality
13/6/2019,northern_ireland,The surprising benefits of talking to strangers
13/6/2019,northern_ireland,What's killing Yosemite's trees?
13/6/2019,northern_ireland,Baby elephant takes first wobbly steps
13/6/2019,northern_ireland,63-year old dance instructor: 'Exercise saved my life'
13/6/2019,northern_ireland,Tearful Jon Stewart rebukes Congress over 9/11 fund
13/6/2019,northern_ireland,How the US-China trade war squeezes California's wine country
13/6/2019,northern_ireland,The Nightingale: Film director defends controversial rape scenes
13/6/2019,northern_ireland,Plant extinction 'bad news for all species'
13/6/2019,northern_ireland,Sweethearts torn apart by WW2 reunite 75 years on
13/6/2019,northern_ireland,Handmaid's fail: Kylie Jenner faces backlash for themed party
13/6/2019,northern_ireland,Catch 22: How George Clooney was lured back to TV
13/6/2019,scotland,Hong Kong extradition protests: Lam criticises 'organised riots'
13/6/2019,scotland,"New Ebola outbreak in DRC is 'truly frightening', says Wellcome Trust director"
13/6/2019,scotland,Mexico says sale of presidential plane will curb illegal migration
13/6/2019,scotland,"Trump: US to send 1,000 troops to Poland in new deal"
13/6/2019,scotland,Why African football boss Ahmad was called in by French investigators
13/6/2019,scotland,UK man donates frostbitten toe to Yukon bar
13/6/2019,scotland,Turkey to get Russian S-400 missile system 'in July' amid row over US jets
13/6/2019,scotland,Seventh victim of Cyprus serial killer found
13/6/2019,scotland,Mali village attack death toll revised down to 35
13/6/2019,scotland,Huawei cancels laptop launch because of US trade blacklist
13/6/2019,scotland,Catalan separatists defiant on final trial day in Madrid
13/6/2019,scotland,'You can't blame a team for celebrating a win'
13/6/2019,scotland,Viewpoint: What series on Central Park Five teaches us today
13/6/2019,scotland,When Pepsi was swapped for Soviet warships
13/6/2019,scotland,Background you need on the Hong Kong protests
13/6/2019,scotland,Eritrea's 'ice bucket' bid to oust Isaias Afwerki
13/6/2019,scotland,Crossing Divides: The Sri Lankan civil war enemies who fell in love
13/6/2019,scotland,Why 9/11 heroes are begging Congress for money
13/6/2019,scotland,Very Hungry Caterpillar still being devoured 50 years on
13/6/2019,scotland,Ivan Golunov's Russian release: Why this case matters
13/6/2019,scotland,Chernobyl survivors assess fact and fiction in TV series
13/6/2019,scotland,US man describes his journey from janitor to principal
13/6/2019,scotland,Maren Morris: Country music has a problem with sexuality
13/6/2019,scotland,The surprising benefits of talking to strangers
13/6/2019,scotland,What's killing Yosemite's trees?
13/6/2019,scotland,Baby elephant takes first wobbly steps
13/6/2019,scotland,63-year old dance instructor: 'Exercise saved my life'
13/6/2019,scotland,Tearful Jon Stewart rebukes Congress over 9/11 fund
13/6/2019,scotland,How the US-China trade war squeezes California's wine country
13/6/2019,scotland,The Nightingale: Film director defends controversial rape scenes
13/6/2019,scotland,Plant extinction 'bad news for all species'
13/6/2019,scotland,Sweethearts torn apart by WW2 reunite 75 years on
13/6/2019,scotland,Handmaid's fail: Kylie Jenner faces backlash for themed party
13/6/2019,scotland,Catch 22: How George Clooney was lured back to TV
13/6/2019,wales,Hong Kong extradition protests: Lam criticises 'organised riots'
13/6/2019,wales,"New Ebola outbreak in DRC is 'truly frightening', says Wellcome Trust director"
13/6/2019,wales,Mexico says sale of presidential plane will curb illegal migration
13/6/2019,wales,"Trump: US to send 1,000 troops to Poland in new deal"
13/6/2019,wales,Why African football boss Ahmad was called in by French investigators
13/6/2019,wales,UK man donates frostbitten toe to Yukon bar
13/6/2019,wales,Turkey to get Russian S-400 missile system 'in July' amid row over US jets
13/6/2019,wales,Seventh victim of Cyprus serial killer found
13/6/2019,wales,Mali village attack death toll revised down to 35
13/6/2019,wales,Huawei cancels laptop launch because of US trade blacklist
13/6/2019,wales,Catalan separatists defiant on final trial day in Madrid
13/6/2019,wales,'You can't blame a team for celebrating a win'
13/6/2019,wales,Viewpoint: What series on Central Park Five teaches us today
13/6/2019,wales,When Pepsi was swapped for Soviet warships
13/6/2019,wales,Background you need on the Hong Kong protests
13/6/2019,wales,Eritrea's 'ice bucket' bid to oust Isaias Afwerki
13/6/2019,wales,Crossing Divides: The Sri Lankan civil war enemies who fell in love
13/6/2019,wales,Why 9/11 heroes are begging Congress for money
13/6/2019,wales,Very Hungry Caterpillar still being devoured 50 years on
13/6/2019,wales,Ivan Golunov's Russian release: Why this case matters
13/6/2019,wales,Chernobyl survivors assess fact and fiction in TV series
13/6/2019,wales,US man describes his journey from janitor to principal
13/6/2019,wales,Maren Morris: Country music has a problem with sexuality
13/6/2019,wales,The surprising benefits of talking to strangers
13/6/2019,wales,What's killing Yosemite's trees?
13/6/2019,wales,Baby elephant takes first wobbly steps
13/6/2019,wales,63-year old dance instructor: 'Exercise saved my life'
13/6/2019,wales,Tearful Jon Stewart rebukes Congress over 9/11 fund
13/6/2019,wales,How the US-China trade war squeezes California's wine country
13/6/2019,wales,The Nightingale: Film director defends controversial rape scenes
13/6/2019,wales,Plant extinction 'bad news for all species'
13/6/2019,wales,Sweethearts torn apart by WW2 reunite 75 years on
13/6/2019,wales,Handmaid's fail: Kylie Jenner faces backlash for themed party
13/6/2019,wales,Catch 22: How George Clooney was lured back to TV
